date,close,ticker
2025-07-09,305.52,GLD.US
2025-07-10,306.2,GLD.US
2025-07-11,309.14,GLD.US
2025-07-14,308.01,GLD.US
2025-07-15,306.73,GLD.US
2025-07-16,308.26,GLD.US
2025-07-17,307.59,GLD.US
2025-07-18,308.39,GLD.US
2025-07-21,313.13,GLD.US
2025-07-22,316.1,GLD.US
2025-07-23,312.18,GLD.US
2025-07-24,310.27,GLD.US
2025-07-25,307.4,GLD.US
2025-07-28,305.41,GLD.US
2025-07-29,306.25,GLD.US
2025-07-30,300.96,GLD.US
2025-07-31,302.96,GLD.US
2025-08-01,309.11,GLD.US
2025-08-04,310.91,GLD.US
2025-08-05,311.16,GLD.US
2025-08-06,310.5,GLD.US
2025-08-07,313.12,GLD.US
2025-08-08,313.05,GLD.US
2025-08-11,308.55,GLD.US
2025-08-12,308.27,GLD.US
2025-08-13,309.21,GLD.US
2025-08-14,307.25,GLD.US
2025-08-15,307.43,GLD.US
2025-08-18,306.95,GLD.US
2025-08-19,305.27,GLD.US
2025-08-20,308.36,GLD.US
2025-08-21,307.29,GLD.US
2025-08-22,310.58,GLD.US
2025-08-25,309.83,GLD.US
2025-08-26,312.08,GLD.US
2025-08-27,312.71,GLD.US
2025-08-28,315.03,GLD.US
2025-08-29,318.07,GLD.US
2025-09-02,325.59,GLD.US
2025-09-03,328.14,GLD.US
2025-09-04,326.69,GLD.US
2025-09-05,331.05,GLD.US
2025-09-08,334.82,GLD.US
2025-09-09,334.06,GLD.US
2025-09-10,335.26,GLD.US
2025-09-11,334.76,GLD.US
2025-09-12,335.42,GLD.US
2025-09-15,338.91,GLD.US
2025-09-16,339.59,GLD.US
2025-09-17,336.97,GLD.US
2025-09-18,335.62,GLD.US
2025-09-19,339.18,GLD.US
2025-09-22,345.05,GLD.US
2025-09-23,346.46,GLD.US
2025-09-24,343.32,GLD.US
2025-09-25,344.75,GLD.US
2025-09-26,346.74,GLD.US
2025-09-29,352.46,GLD.US
2025-09-30,355.47,GLD.US
2025-10-01,356.03,GLD.US
2025-10-02,354.79,GLD.US
2025-10-03,357.64,GLD.US
2025-10-06,364.38,GLD.US
2025-10-07,366.26,GLD.US
2025-10-08,372.3,GLD.US
2025-10-09,365.43,GLD.US
2025-10-10,369.12,GLD.US
2025-10-13,378.09,GLD.US
2025-10-14,380.79,GLD.US
2025-10-15,387.39,GLD.US
2025-10-16,396.45,GLD.US
2025-10-17,388.99,GLD.US
2025-10-20,403.15,GLD.US
2025-10-21,377.24,GLD.US
2025-10-22,377.28,GLD.US
2025-10-23,378.79,GLD.US
2025-10-24,377.52,GLD.US
2025-10-27,367.01,GLD.US
2025-10-28,364.38,GLD.US
2025-10-29,363.0,GLD.US
2025-10-30,370.13,GLD.US
2025-10-31,368.12,GLD.US
2025-11-03,368.78,GLD.US
2025-11-04,362.32,GLD.US
2025-11-05,366.51,GLD.US
2025-11-06,366.07,GLD.US
2025-11-07,368.31,GLD.US
2025-11-10,378.38,GLD.US
2025-11-11,379.87,GLD.US
2025-11-12,385.99,GLD.US
2025-11-13,382.87,GLD.US
2025-11-14,375.96,GLD.US
2025-11-17,371.65,GLD.US
2025-11-18,374.35,GLD.US
2025-11-19,374.96,GLD.US
2025-11-20,374.85,GLD.US
2025-11-21,374.27,GLD.US
2025-11-24,380.2,GLD.US
2025-11-25,380.08,GLD.US
2025-11-26,383.12,GLD.US
2025-11-28,387.88,GLD.US
2025-12-01,389.75,GLD.US
2025-12-02,387.24,GLD.US
2025-12-03,386.88,GLD.US
2025-12-04,387.13,GLD.US
2025-12-05,386.44,GLD.US
2025-12-08,385.42,GLD.US
2025-12-09,387.4,GLD.US
2025-12-10,389.05,GLD.US
2025-12-11,393.24,GLD.US
2025-12-12,395.44,GLD.US
2025-12-15,395.8,GLD.US
2025-12-16,395.89,GLD.US
2025-12-17,399.29,GLD.US
2025-12-18,398.57,GLD.US
2025-12-19,399.02,GLD.US
2025-12-22,408.23,GLD.US
2025-12-23,413.64,GLD.US
2025-12-24,411.93,GLD.US
2025-12-26,416.72,GLD.US
2025-07-09,94.81,IEF.US
2025-07-10,94.76,IEF.US
2025-07-11,94.32,IEF.US
2025-07-14,94.28,IEF.US
2025-07-15,93.91,IEF.US
2025-07-16,94.17,IEF.US
2025-07-17,94.14,IEF.US
2025-07-18,94.4,IEF.US
2025-07-21,94.73,IEF.US
2025-07-22,95.0,IEF.US
2025-07-23,94.66,IEF.US
2025-07-24,94.52,IEF.US
2025-07-25,94.74,IEF.US
2025-07-28,94.53,IEF.US
2025-07-29,95.15,IEF.US
2025-07-30,94.82,IEF.US
2025-07-31,94.9,IEF.US
2025-08-01,95.68,IEF.US
2025-08-04,95.81,IEF.US
2025-08-05,95.74,IEF.US
2025-08-06,95.67,IEF.US
2025-08-07,95.6,IEF.US
2025-08-08,95.38,IEF.US
2025-08-11,95.41,IEF.US
2025-08-12,95.39,IEF.US
2025-08-13,95.73,IEF.US
2025-08-14,95.42,IEF.US
2025-08-15,95.23,IEF.US
2025-08-18,95.14,IEF.US
2025-08-19,95.38,IEF.US
2025-08-20,95.52,IEF.US
2025-08-21,95.24,IEF.US
2025-08-22,95.77,IEF.US
2025-08-25,95.58,IEF.US
2025-08-26,95.83,IEF.US
2025-08-27,96.01,IEF.US
2025-08-28,96.23,IEF.US
2025-08-29,96.15,IEF.US
2025-09-02,95.55,IEF.US
2025-09-03,95.88,IEF.US
2025-09-04,96.31,IEF.US
2025-09-05,96.78,IEF.US
2025-09-08,97.08,IEF.US
2025-09-09,96.85,IEF.US
2025-09-10,97.11,IEF.US
2025-09-11,97.26,IEF.US
2025-09-12,96.98,IEF.US
2025-09-15,97.14,IEF.US
2025-09-16,97.2,IEF.US
2025-09-17,96.99,IEF.US
2025-09-18,96.67,IEF.US
2025-09-19,96.63,IEF.US
2025-09-22,96.47,IEF.US
2025-09-23,96.74,IEF.US
2025-09-24,96.48,IEF.US
2025-09-25,96.27,IEF.US
2025-09-26,96.22,IEF.US
2025-09-29,96.5,IEF.US
2025-09-30,96.46,IEF.US
2025-10-01,96.49,IEF.US
2025-10-02,96.59,IEF.US
2025-10-03,96.4,IEF.US
2025-10-06,96.12,IEF.US
2025-10-07,96.36,IEF.US
2025-10-08,96.38,IEF.US
2025-10-09,96.31,IEF.US
2025-10-10,96.91,IEF.US
2025-10-13,96.96,IEF.US
2025-10-14,97.21,IEF.US
2025-10-15,97.1,IEF.US
2025-10-16,97.55,IEF.US
2025-10-17,97.39,IEF.US
2025-10-20,97.52,IEF.US
2025-10-21,97.7,IEF.US
2025-10-22,97.72,IEF.US
2025-10-23,97.4,IEF.US
2025-10-24,97.49,IEF.US
2025-10-27,97.49,IEF.US
2025-10-28,97.58,IEF.US
2025-10-29,96.95,IEF.US
2025-10-30,96.81,IEF.US
2025-10-31,96.85,IEF.US
2025-11-03,96.5,IEF.US
2025-11-04,96.62,IEF.US
2025-11-05,96.16,IEF.US
2025-11-06,96.65,IEF.US
2025-11-07,96.69,IEF.US
2025-11-10,96.56,IEF.US
2025-11-11,96.86,IEF.US
2025-11-12,96.88,IEF.US
2025-11-13,96.6,IEF.US
2025-11-14,96.44,IEF.US
2025-11-17,96.55,IEF.US
2025-11-18,96.71,IEF.US
2025-11-19,96.64,IEF.US
2025-11-20,96.87,IEF.US
2025-11-21,97.19,IEF.US
2025-11-24,97.34,IEF.US
2025-11-25,97.59,IEF.US
2025-11-26,97.67,IEF.US
2025-11-28,97.5,IEF.US
2025-12-01,96.69,IEF.US
2025-12-02,96.77,IEF.US
2025-12-03,96.97,IEF.US
2025-12-04,96.67,IEF.US
2025-12-05,96.47,IEF.US
2025-12-08,96.27,IEF.US
2025-12-09,96.13,IEF.US
2025-12-10,96.44,IEF.US
2025-12-11,96.45,IEF.US
2025-12-12,96.19,IEF.US
2025-12-15,96.27,IEF.US
2025-12-16,96.54,IEF.US
2025-12-17,96.52,IEF.US
2025-12-18,96.77,IEF.US
2025-12-19,96.24,IEF.US
2025-12-22,96.14,IEF.US
2025-12-23,96.1,IEF.US
2025-12-24,96.35,IEF.US
2025-12-26,96.44,IEF.US
2025-07-09,223.65,IWM.US
2025-07-10,224.8,IWM.US
2025-07-11,221.7,IWM.US
2025-07-14,223.19,IWM.US
2025-07-15,218.82,IWM.US
2025-07-16,221.02,IWM.US
2025-07-17,223.92,IWM.US
2025-07-18,222.33,IWM.US
2025-07-21,221.43,IWM.US
2025-07-22,223.27,IWM.US
2025-07-23,226.68,IWM.US
2025-07-24,223.55,IWM.US
2025-07-25,224.38,IWM.US
2025-07-28,224.12,IWM.US
2025-07-29,222.69,IWM.US
2025-07-30,221.56,IWM.US
2025-07-31,219.39,IWM.US
2025-08-01,214.92,IWM.US
2025-08-04,219.73,IWM.US
2025-08-05,220.85,IWM.US
2025-08-06,220.56,IWM.US
2025-08-07,219.84,IWM.US
2025-08-08,220.32,IWM.US
2025-08-11,220.27,IWM.US
2025-08-12,226.81,IWM.US
2025-08-13,231.22,IWM.US
2025-08-14,228.24,IWM.US
2025-08-15,227.13,IWM.US
2025-08-18,227.96,IWM.US
2025-08-19,226.21,IWM.US
2025-08-20,225.41,IWM.US
2025-08-21,225.97,IWM.US
2025-08-22,234.83,IWM.US
2025-08-25,232.36,IWM.US
2025-08-26,234.28,IWM.US
2025-08-27,235.94,IWM.US
2025-08-28,236.22,IWM.US
2025-08-29,235.17,IWM.US
2025-09-02,233.9,IWM.US
2025-09-03,233.67,IWM.US
2025-09-04,236.59,IWM.US
2025-09-05,237.77,IWM.US
2025-09-08,238.25,IWM.US
2025-09-09,236.85,IWM.US
2025-09-10,236.43,IWM.US
2025-09-11,240.8,IWM.US
2025-09-12,238.34,IWM.US
2025-09-15,239.35,IWM.US
2025-09-16,238.28,IWM.US
2025-09-17,238.89,IWM.US
2025-09-18,244.84,IWM.US
2025-09-19,242.98,IWM.US
2025-09-22,244.39,IWM.US
2025-09-23,243.84,IWM.US
2025-09-24,241.6,IWM.US
2025-09-25,239.29,IWM.US
2025-09-26,241.34,IWM.US
2025-09-29,241.62,IWM.US
2025-09-30,241.96,IWM.US
2025-10-01,242.49,IWM.US
2025-10-02,244.02,IWM.US
2025-10-03,245.83,IWM.US
2025-10-06,246.81,IWM.US
2025-10-07,244.16,IWM.US
2025-10-08,246.72,IWM.US
2025-10-09,245.13,IWM.US
2025-10-10,237.79,IWM.US
2025-10-13,244.41,IWM.US
2025-10-14,247.9,IWM.US
2025-10-15,250.33,IWM.US
2025-10-16,245.06,IWM.US
2025-10-17,243.41,IWM.US
2025-10-20,248.16,IWM.US
2025-10-21,246.96,IWM.US
2025-10-22,243.34,IWM.US
2025-10-23,246.42,IWM.US
2025-10-24,249.43,IWM.US
2025-10-27,250.3,IWM.US
2025-10-28,248.96,IWM.US
2025-10-29,246.84,IWM.US
2025-10-30,244.85,IWM.US
2025-10-31,246.23,IWM.US
2025-11-03,245.44,IWM.US
2025-11-04,241.2,IWM.US
2025-11-05,244.68,IWM.US
2025-11-06,240.35,IWM.US
2025-11-07,241.61,IWM.US
2025-11-10,244.04,IWM.US
2025-11-11,244.24,IWM.US
2025-11-12,243.64,IWM.US
2025-11-13,236.79,IWM.US
2025-11-14,237.48,IWM.US
2025-11-17,232.76,IWM.US
2025-11-18,233.47,IWM.US
2025-11-19,233.43,IWM.US
2025-11-20,229.11,IWM.US
2025-11-21,235.6,IWM.US
2025-11-24,239.9,IWM.US
2025-11-25,245.13,IWM.US
2025-11-26,247.3,IWM.US
2025-11-28,248.75,IWM.US
2025-12-01,245.62,IWM.US
2025-12-02,245.17,IWM.US
2025-12-03,249.63,IWM.US
2025-12-04,251.82,IWM.US
2025-12-05,250.77,IWM.US
2025-12-08,250.87,IWM.US
2025-12-09,251.39,IWM.US
2025-12-10,254.81,IWM.US
2025-12-11,257.8,IWM.US
2025-12-12,253.85,IWM.US
2025-12-15,251.93,IWM.US
2025-12-16,249.87,IWM.US
2025-12-17,247.24,IWM.US
2025-12-18,248.71,IWM.US
2025-12-19,250.79,IWM.US
2025-12-22,253.58,IWM.US
2025-12-23,252.08,IWM.US
2025-12-24,252.71,IWM.US
2025-12-26,251.39,IWM.US
2025-07-09,556.25,QQQ.US
2025-07-10,555.45,QQQ.US
2025-07-11,554.2,QQQ.US
2025-07-14,556.21,QQQ.US
2025-07-15,556.72,QQQ.US
2025-07-16,557.29,QQQ.US
2025-07-17,561.8,QQQ.US
2025-07-18,561.26,QQQ.US
2025-07-21,564.17,QQQ.US
2025-07-22,561.25,QQQ.US
2025-07-23,563.81,QQQ.US
2025-07-24,565.01,QQQ.US
2025-07-25,566.37,QQQ.US
2025-07-28,568.14,QQQ.US
2025-07-29,567.26,QQQ.US
2025-07-30,568.02,QQQ.US
2025-07-31,565.01,QQQ.US
2025-08-01,553.88,QQQ.US
2025-08-04,564.1,QQQ.US
2025-08-05,560.27,QQQ.US
2025-08-06,567.32,QQQ.US
2025-08-07,569.24,QQQ.US
2025-08-08,574.55,QQQ.US
2025-08-11,572.85,QQQ.US
2025-08-12,580.05,QQQ.US
2025-08-13,580.34,QQQ.US
2025-08-14,579.89,QQQ.US
2025-08-15,577.34,QQQ.US
2025-08-18,577.11,QQQ.US
2025-08-19,569.28,QQQ.US
2025-08-20,565.9,QQQ.US
2025-08-21,563.28,QQQ.US
2025-08-22,571.97,QQQ.US
2025-08-25,570.32,QQQ.US
2025-08-26,572.61,QQQ.US
2025-08-27,573.49,QQQ.US
2025-08-28,577.08,QQQ.US
2025-08-29,570.4,QQQ.US
2025-09-02,565.62,QQQ.US
2025-09-03,570.07,QQQ.US
2025-09-04,575.23,QQQ.US
2025-09-05,576.06,QQQ.US
2025-09-08,578.87,QQQ.US
2025-09-09,580.51,QQQ.US
2025-09-10,580.7,QQQ.US
2025-09-11,584.08,QQQ.US
2025-09-12,586.66,QQQ.US
2025-09-15,591.68,QQQ.US
2025-09-16,591.18,QQQ.US
2025-09-17,590.0,QQQ.US
2025-09-18,595.32,QQQ.US
2025-09-19,599.35,QQQ.US
2025-09-22,602.2,QQQ.US
2025-09-23,598.2,QQQ.US
2025-09-24,596.1,QQQ.US
2025-09-25,593.53,QQQ.US
2025-09-26,595.97,QQQ.US
2025-09-29,598.73,QQQ.US
2025-09-30,600.37,QQQ.US
2025-10-01,603.25,QQQ.US
2025-10-02,605.73,QQQ.US
2025-10-03,603.18,QQQ.US
2025-10-06,607.71,QQQ.US
2025-10-07,604.51,QQQ.US
2025-10-08,611.44,QQQ.US
2025-10-09,610.7,QQQ.US
2025-10-10,589.5,QQQ.US
2025-10-13,602.01,QQQ.US
2025-10-14,598.0,QQQ.US
2025-10-15,602.22,QQQ.US
2025-10-16,599.99,QQQ.US
2025-10-17,603.93,QQQ.US
2025-10-20,611.54,QQQ.US
2025-10-21,611.38,QQQ.US
2025-10-22,605.49,QQQ.US
2025-10-23,610.58,QQQ.US
2025-10-24,617.1,QQQ.US
2025-10-27,628.09,QQQ.US
2025-10-28,632.92,QQQ.US
2025-10-29,635.77,QQQ.US
2025-10-30,626.05,QQQ.US
2025-10-31,629.07,QQQ.US
2025-11-03,632.08,QQQ.US
2025-11-04,619.25,QQQ.US
2025-11-05,623.28,QQQ.US
2025-11-06,611.67,QQQ.US
2025-11-07,609.74,QQQ.US
2025-11-10,623.23,QQQ.US
2025-11-11,621.57,QQQ.US
2025-11-12,621.08,QQQ.US
2025-11-13,608.4,QQQ.US
2025-11-14,608.86,QQQ.US
2025-11-17,603.66,QQQ.US
2025-11-18,596.31,QQQ.US
2025-11-19,599.87,QQQ.US
2025-11-20,585.67,QQQ.US
2025-11-21,590.07,QQQ.US
2025-11-24,605.16,QQQ.US
2025-11-25,608.89,QQQ.US
2025-11-26,614.27,QQQ.US
2025-11-28,619.25,QQQ.US
2025-12-01,617.17,QQQ.US
2025-12-02,622.0,QQQ.US
2025-12-03,623.52,QQQ.US
2025-12-04,622.94,QQQ.US
2025-12-05,625.48,QQQ.US
2025-12-08,624.28,QQQ.US
2025-12-09,625.05,QQQ.US
2025-12-10,627.61,QQQ.US
2025-12-11,625.58,QQQ.US
2025-12-12,613.62,QQQ.US
2025-12-15,610.54,QQQ.US
2025-12-16,611.75,QQQ.US
2025-12-17,600.41,QQQ.US
2025-12-18,609.11,QQQ.US
2025-12-19,617.05,QQQ.US
2025-12-22,619.21,QQQ.US
2025-12-23,622.11,QQQ.US
2025-12-24,623.93,QQQ.US
2025-12-26,623.87,QQQ.US
2025-07-09,624.06,SPY.US
2025-07-10,625.82,SPY.US
2025-07-11,623.62,SPY.US
2025-07-14,624.81,SPY.US
2025-07-15,622.14,SPY.US
2025-07-16,624.22,SPY.US
2025-07-17,628.04,SPY.US
2025-07-18,627.58,SPY.US
2025-07-21,628.77,SPY.US
2025-07-22,628.86,SPY.US
2025-07-23,634.21,SPY.US
2025-07-24,634.42,SPY.US
2025-07-25,637.1,SPY.US
2025-07-28,636.94,SPY.US
2025-07-29,635.26,SPY.US
2025-07-30,634.46,SPY.US
2025-07-31,632.08,SPY.US
2025-08-01,621.72,SPY.US
2025-08-04,631.17,SPY.US
2025-08-05,627.97,SPY.US
2025-08-06,632.78,SPY.US
2025-08-07,632.25,SPY.US
2025-08-08,637.18,SPY.US
2025-08-11,635.92,SPY.US
2025-08-12,642.69,SPY.US
2025-08-13,644.89,SPY.US
2025-08-14,644.95,SPY.US
2025-08-15,643.44,SPY.US
2025-08-18,643.3,SPY.US
2025-08-19,639.81,SPY.US
2025-08-20,638.11,SPY.US
2025-08-21,635.55,SPY.US
2025-08-22,645.31,SPY.US
2025-08-25,642.47,SPY.US
2025-08-26,645.16,SPY.US
2025-08-27,646.63,SPY.US
2025-08-28,648.92,SPY.US
2025-08-29,645.05,SPY.US
2025-09-02,640.27,SPY.US
2025-09-03,643.74,SPY.US
2025-09-04,649.12,SPY.US
2025-09-05,647.24,SPY.US
2025-09-08,648.83,SPY.US
2025-09-09,650.33,SPY.US
2025-09-10,652.21,SPY.US
2025-09-11,657.63,SPY.US
2025-09-12,657.41,SPY.US
2025-09-15,660.91,SPY.US
2025-09-16,660.0,SPY.US
2025-09-17,659.18,SPY.US
2025-09-18,662.26,SPY.US
2025-09-19,663.7,SPY.US
2025-09-22,666.84,SPY.US
2025-09-23,663.21,SPY.US
2025-09-24,661.1,SPY.US
2025-09-25,658.05,SPY.US
2025-09-26,661.82,SPY.US
2025-09-29,663.68,SPY.US
2025-09-30,666.18,SPY.US
2025-10-01,668.45,SPY.US
2025-10-02,669.22,SPY.US
2025-10-03,669.21,SPY.US
2025-10-06,671.61,SPY.US
2025-10-07,669.12,SPY.US
2025-10-08,673.11,SPY.US
2025-10-09,671.16,SPY.US
2025-10-10,653.02,SPY.US
2025-10-13,663.04,SPY.US
2025-10-14,662.23,SPY.US
2025-10-15,665.17,SPY.US
2025-10-16,660.64,SPY.US
2025-10-17,664.39,SPY.US
2025-10-20,671.3,SPY.US
2025-10-21,671.29,SPY.US
2025-10-22,667.8,SPY.US
2025-10-23,671.76,SPY.US
2025-10-24,677.25,SPY.US
2025-10-27,685.24,SPY.US
2025-10-28,687.06,SPY.US
2025-10-29,687.39,SPY.US
2025-10-30,679.83,SPY.US
2025-10-31,682.06,SPY.US
2025-11-03,683.34,SPY.US
2025-11-04,675.24,SPY.US
2025-11-05,677.58,SPY.US
2025-11-06,670.31,SPY.US
2025-11-07,670.97,SPY.US
2025-11-10,681.44,SPY.US
2025-11-11,683.0,SPY.US
2025-11-12,683.38,SPY.US
2025-11-13,672.04,SPY.US
2025-11-14,671.93,SPY.US
2025-11-17,665.67,SPY.US
2025-11-18,660.08,SPY.US
2025-11-19,662.63,SPY.US
2025-11-20,652.53,SPY.US
2025-11-21,659.03,SPY.US
2025-11-24,668.73,SPY.US
2025-11-25,675.02,SPY.US
2025-11-26,679.68,SPY.US
2025-11-28,683.39,SPY.US
2025-12-01,680.27,SPY.US
2025-12-02,681.53,SPY.US
2025-12-03,683.89,SPY.US
2025-12-04,684.39,SPY.US
2025-12-05,685.69,SPY.US
2025-12-08,683.63,SPY.US
2025-12-09,683.04,SPY.US
2025-12-10,687.57,SPY.US
2025-12-11,689.17,SPY.US
2025-12-12,681.76,SPY.US
2025-12-15,680.73,SPY.US
2025-12-16,678.87,SPY.US
2025-12-17,671.4,SPY.US
2025-12-18,676.47,SPY.US
2025-12-19,680.59,SPY.US
2025-12-22,684.83,SPY.US
2025-12-23,687.96,SPY.US
2025-12-24,690.38,SPY.US
2025-12-26,690.2432,SPY.US
2025-07-09,86.93,TLT.US
2025-07-10,86.99,TLT.US
2025-07-11,85.79,TLT.US
2025-07-14,85.61,TLT.US
2025-07-15,85.01,TLT.US
2025-07-16,85.13,TLT.US
2025-07-17,85.11,TLT.US
2025-07-18,85.24,TLT.US
2025-07-21,86.0,TLT.US
2025-07-22,86.52,TLT.US
2025-07-23,86.04,TLT.US
2025-07-24,85.89,TLT.US
2025-07-25,86.43,TLT.US
2025-07-28,85.87,TLT.US
2025-07-29,87.32,TLT.US
2025-07-30,86.87,TLT.US
2025-07-31,86.92,TLT.US
2025-08-01,87.82,TLT.US
2025-08-04,88.06,TLT.US
2025-08-05,88.33,TLT.US
2025-08-06,87.82,TLT.US
2025-08-07,87.67,TLT.US
2025-08-08,87.29,TLT.US
2025-08-11,87.39,TLT.US
2025-08-12,86.95,TLT.US
2025-08-13,87.67,TLT.US
2025-08-14,87.02,TLT.US
2025-08-15,86.4,TLT.US
2025-08-18,86.15,TLT.US
2025-08-19,86.65,TLT.US
2025-08-20,86.84,TLT.US
2025-08-21,86.41,TLT.US
2025-08-22,87.05,TLT.US
2025-08-25,86.8,TLT.US
2025-08-26,86.75,TLT.US
2025-08-27,86.65,TLT.US
2025-08-28,87.22,TLT.US
2025-08-29,86.6,TLT.US
2025-09-02,85.63,TLT.US
2025-09-03,86.57,TLT.US
2025-09-04,87.23,TLT.US
2025-09-05,88.56,TLT.US
2025-09-08,89.74,TLT.US
2025-09-09,89.23,TLT.US
2025-09-10,89.74,TLT.US
2025-09-11,90.34,TLT.US
2025-09-12,89.95,TLT.US
2025-09-15,90.16,TLT.US
2025-09-16,90.35,TLT.US
2025-09-17,90.12,TLT.US
2025-09-18,89.19,TLT.US
2025-09-19,89.02,TLT.US
2025-09-22,88.7,TLT.US
2025-09-23,89.32,TLT.US
2025-09-24,88.98,TLT.US
2025-09-25,88.98,TLT.US
2025-09-26,88.9,TLT.US
2025-09-29,89.63,TLT.US
2025-09-30,89.37,TLT.US
2025-10-01,89.29,TLT.US
2025-10-02,89.55,TLT.US
2025-10-03,89.38,TLT.US
2025-10-06,88.67,TLT.US
2025-10-07,89.18,TLT.US
2025-10-08,89.25,TLT.US
2025-10-09,89.18,TLT.US
2025-10-10,90.62,TLT.US
2025-10-13,90.57,TLT.US
2025-10-14,90.86,TLT.US
2025-10-15,90.66,TLT.US
2025-10-16,91.34,TLT.US
2025-10-17,91.2,TLT.US
2025-10-20,91.55,TLT.US
2025-10-21,92.0,TLT.US
2025-10-22,92.06,TLT.US
2025-10-23,91.43,TLT.US
2025-10-24,91.47,TLT.US
2025-10-27,91.78,TLT.US
2025-10-28,92.02,TLT.US
2025-10-29,91.09,TLT.US
2025-10-30,90.56,TLT.US
2025-10-31,90.29,TLT.US
2025-11-03,89.74,TLT.US
2025-11-04,89.94,TLT.US
2025-11-05,88.96,TLT.US
2025-11-06,89.76,TLT.US
2025-11-07,89.57,TLT.US
2025-11-10,89.55,TLT.US
2025-11-11,89.96,TLT.US
2025-11-12,90.12,TLT.US
2025-11-13,89.38,TLT.US
2025-11-14,88.87,TLT.US
2025-11-17,89.09,TLT.US
2025-11-18,89.06,TLT.US
2025-11-19,88.88,TLT.US
2025-11-20,89.23,TLT.US
2025-11-21,89.5,TLT.US
2025-11-24,90.01,TLT.US
2025-11-25,90.24,TLT.US
2025-11-26,90.64,TLT.US
2025-11-28,90.21,TLT.US
2025-12-01,88.77,TLT.US
2025-12-02,88.81,TLT.US
2025-12-03,89.06,TLT.US
2025-12-04,88.58,TLT.US
2025-12-05,88.17,TLT.US
2025-12-08,87.88,TLT.US
2025-12-09,87.97,TLT.US
2025-12-10,88.31,TLT.US
2025-12-11,88.19,TLT.US
2025-12-12,87.34,TLT.US
2025-12-15,87.4,TLT.US
2025-12-16,87.88,TLT.US
2025-12-17,87.8,TLT.US
2025-12-18,88.22,TLT.US
2025-12-19,87.55,TLT.US
2025-12-22,87.36,TLT.US
2025-12-23,87.5,TLT.US
2025-12-24,88.03,TLT.US
2025-12-26,87.74,TLT.US
2025-07-09,27.09,UUP.US
2025-07-10,27.14,UUP.US
2025-07-11,27.22,UUP.US
2025-07-14,27.29,UUP.US
2025-07-15,27.44,UUP.US
2025-07-16,27.34,UUP.US
2025-07-17,27.46,UUP.US
2025-07-18,27.42,UUP.US
2025-07-21,27.24,UUP.US
2025-07-22,27.1,UUP.US
2025-07-23,27.06,UUP.US
2025-07-24,27.13,UUP.US
2025-07-25,27.19,UUP.US
2025-07-28,27.5,UUP.US
2025-07-29,27.57,UUP.US
2025-07-30,27.84,UUP.US
2025-07-31,27.9,UUP.US
2025-08-01,27.57,UUP.US
2025-08-04,27.56,UUP.US
2025-08-05,27.56,UUP.US
2025-08-06,27.4,UUP.US
2025-08-07,27.38,UUP.US
2025-08-08,27.43,UUP.US
2025-08-11,27.54,UUP.US
2025-08-12,27.4,UUP.US
2025-08-13,27.33,UUP.US
2025-08-14,27.43,UUP.US
2025-08-15,27.34,UUP.US
2025-08-18,27.41,UUP.US
2025-08-19,27.48,UUP.US
2025-08-20,27.46,UUP.US
2025-08-21,27.6,UUP.US
2025-08-22,27.33,UUP.US
2025-08-25,27.55,UUP.US
2025-08-26,27.48,UUP.US
2025-08-27,27.49,UUP.US
2025-08-28,27.39,UUP.US
2025-08-29,27.37,UUP.US
2025-09-02,27.55,UUP.US
2025-09-03,27.5,UUP.US
2025-09-04,27.54,UUP.US
2025-09-05,27.4,UUP.US
2025-09-08,27.31,UUP.US
2025-09-09,27.42,UUP.US
2025-09-10,27.44,UUP.US
2025-09-11,27.35,UUP.US
2025-09-12,27.39,UUP.US
2025-09-15,27.3,UUP.US
2025-09-16,27.13,UUP.US
2025-09-17,27.22,UUP.US
2025-09-18,27.35,UUP.US
2025-09-19,27.43,UUP.US
2025-09-22,27.33,UUP.US
2025-09-23,27.31,UUP.US
2025-09-24,27.51,UUP.US
2025-09-25,27.7,UUP.US
2025-09-26,27.6,UUP.US
2025-09-29,27.54,UUP.US
2025-09-30,27.51,UUP.US
2025-10-01,27.5,UUP.US
2025-10-02,27.54,UUP.US
2025-10-03,27.49,UUP.US
2025-10-06,27.62,UUP.US
2025-10-07,27.78,UUP.US
2025-10-08,27.84,UUP.US
2025-10-09,28.03,UUP.US
2025-10-10,27.89,UUP.US
2025-10-13,27.99,UUP.US
2025-10-14,27.91,UUP.US
2025-10-15,27.83,UUP.US
2025-10-16,27.72,UUP.US
2025-10-17,27.75,UUP.US
2025-10-20,27.82,UUP.US
2025-10-21,27.93,UUP.US
2025-10-22,27.9,UUP.US
2025-10-23,27.91,UUP.US
2025-10-24,27.91,UUP.US
2025-10-27,27.88,UUP.US
2025-10-28,27.86,UUP.US
2025-10-29,28.02,UUP.US
2025-10-30,28.13,UUP.US
2025-10-31,28.21,UUP.US
2025-11-03,28.23,UUP.US
2025-11-04,28.32,UUP.US
2025-11-05,28.33,UUP.US
2025-11-06,28.18,UUP.US
2025-11-07,28.16,UUP.US
2025-11-10,28.18,UUP.US
2025-11-11,28.14,UUP.US
2025-11-12,28.15,UUP.US
2025-11-13,28.07,UUP.US
2025-11-14,28.11,UUP.US
2025-11-17,28.18,UUP.US
2025-11-18,28.21,UUP.US
2025-11-19,28.39,UUP.US
2025-11-20,28.41,UUP.US
2025-11-21,28.39,UUP.US
2025-11-24,28.39,UUP.US
2025-11-25,28.31,UUP.US
2025-11-26,28.23,UUP.US
2025-11-28,28.21,UUP.US
2025-12-01,28.2,UUP.US
2025-12-02,28.19,UUP.US
2025-12-03,28.05,UUP.US
2025-12-04,28.11,UUP.US
2025-12-05,28.08,UUP.US
2025-12-08,28.12,UUP.US
2025-12-09,28.16,UUP.US
2025-12-10,28.01,UUP.US
2025-12-11,27.91,UUP.US
2025-12-12,27.95,UUP.US
2025-12-15,27.93,UUP.US
2025-12-16,27.9,UUP.US
2025-12-17,27.96,UUP.US
2025-12-18,27.98,UUP.US
2025-12-19,28.07,UUP.US
2025-12-22,27.03,UUP.US
2025-12-23,26.94,UUP.US
2025-12-24,26.95,UUP.US
2025-12-26,26.97,UUP.US
2025-07-09,89.19,VNQ.US
2025-07-10,89.75,VNQ.US
2025-07-11,89.76,VNQ.US
2025-07-14,90.34,VNQ.US
2025-07-15,89.01,VNQ.US
2025-07-16,89.85,VNQ.US
2025-07-17,89.75,VNQ.US
2025-07-18,89.94,VNQ.US
2025-07-21,90.31,VNQ.US
2025-07-22,91.86,VNQ.US
2025-07-23,92.04,VNQ.US
2025-07-24,91.72,VNQ.US
2025-07-25,91.73,VNQ.US
2025-07-28,90.26,VNQ.US
2025-07-29,91.71,VNQ.US
2025-07-30,90.41,VNQ.US
2025-07-31,89.14,VNQ.US
2025-08-01,88.92,VNQ.US
2025-08-04,89.83,VNQ.US
2025-08-05,90.24,VNQ.US
2025-08-06,89.54,VNQ.US
2025-08-07,89.8,VNQ.US
2025-08-08,89.06,VNQ.US
2025-08-11,88.47,VNQ.US
2025-08-12,88.97,VNQ.US
2025-08-13,89.8,VNQ.US
2025-08-14,89.16,VNQ.US
2025-08-15,89.67,VNQ.US
2025-08-18,88.91,VNQ.US
2025-08-19,90.44,VNQ.US
2025-08-20,90.7,VNQ.US
2025-08-21,90.43,VNQ.US
2025-08-22,92.18,VNQ.US
2025-08-25,91.65,VNQ.US
2025-08-26,91.41,VNQ.US
2025-08-27,91.98,VNQ.US
2025-08-28,91.74,VNQ.US
2025-08-29,92.24,VNQ.US
2025-09-02,90.71,VNQ.US
2025-09-03,90.76,VNQ.US
2025-09-04,91.44,VNQ.US
2025-09-05,92.47,VNQ.US
2025-09-08,91.93,VNQ.US
2025-09-09,91.72,VNQ.US
2025-09-10,91.57,VNQ.US
2025-09-11,93.24,VNQ.US
2025-09-12,92.81,VNQ.US
2025-09-15,92.66,VNQ.US
2025-09-16,92.17,VNQ.US
2025-09-17,92.05,VNQ.US
2025-09-18,92.25,VNQ.US
2025-09-19,91.65,VNQ.US
2025-09-22,91.67,VNQ.US
2025-09-23,92.17,VNQ.US
2025-09-24,90.4,VNQ.US
2025-09-25,90.13,VNQ.US
2025-09-26,91.02,VNQ.US
2025-09-29,91.05,VNQ.US
2025-09-30,91.42,VNQ.US
2025-10-01,91.56,VNQ.US
2025-10-02,91.08,VNQ.US
2025-10-03,91.42,VNQ.US
2025-10-06,90.56,VNQ.US
2025-10-07,90.23,VNQ.US
2025-10-08,89.76,VNQ.US
2025-10-09,89.27,VNQ.US
2025-10-10,88.13,VNQ.US
2025-10-13,88.69,VNQ.US
2025-10-14,89.6,VNQ.US
2025-10-15,90.9,VNQ.US
2025-10-16,90.58,VNQ.US
2025-10-17,91.17,VNQ.US
2025-10-20,92.09,VNQ.US
2025-10-21,91.83,VNQ.US
2025-10-22,92.22,VNQ.US
2025-10-23,92.16,VNQ.US
2025-10-24,92.43,VNQ.US
2025-10-27,92.69,VNQ.US
2025-10-28,90.87,VNQ.US
2025-10-29,88.53,VNQ.US
2025-10-30,88.95,VNQ.US
2025-10-31,89.18,VNQ.US
2025-11-03,89.05,VNQ.US
2025-11-04,89.2,VNQ.US
2025-11-05,89.28,VNQ.US
2025-11-06,88.85,VNQ.US
2025-11-07,90.23,VNQ.US
2025-11-10,90.18,VNQ.US
2025-11-11,91.19,VNQ.US
2025-11-12,90.51,VNQ.US
2025-11-13,89.4,VNQ.US
2025-11-14,89.59,VNQ.US
2025-11-17,88.85,VNQ.US
2025-11-18,89.21,VNQ.US
2025-11-19,88.51,VNQ.US
2025-11-20,88.14,VNQ.US
2025-11-21,89.57,VNQ.US
2025-11-24,89.81,VNQ.US
2025-11-25,90.64,VNQ.US
2025-11-26,91.04,VNQ.US
2025-11-28,91.34,VNQ.US
2025-12-01,90.29,VNQ.US
2025-12-02,89.97,VNQ.US
2025-12-03,90.2,VNQ.US
2025-12-04,89.98,VNQ.US
2025-12-05,89.88,VNQ.US
2025-12-08,89.19,VNQ.US
2025-12-09,88.85,VNQ.US
2025-12-10,89.17,VNQ.US
2025-12-11,89.56,VNQ.US
2025-12-12,89.45,VNQ.US
2025-12-15,89.73,VNQ.US
2025-12-16,89.07,VNQ.US
2025-12-17,89.4,VNQ.US
2025-12-18,88.93,VNQ.US
2025-12-19,88.59,VNQ.US
2025-12-22,88.24,VNQ.US
2025-12-23,88.18,VNQ.US
2025-12-24,88.76,VNQ.US
2025-12-26,88.86,VNQ.US
2025-07-09,52.4,XLF.US
2025-07-10,52.71,XLF.US
2025-07-11,52.16,XLF.US
2025-07-14,52.55,XLF.US
2025-07-15,51.65,XLF.US
2025-07-16,52.01,XLF.US
2025-07-17,52.51,XLF.US
2025-07-18,52.54,XLF.US
2025-07-21,52.39,XLF.US
2025-07-22,52.68,XLF.US
2025-07-23,53.1,XLF.US
2025-07-24,53.07,XLF.US
2025-07-25,53.44,XLF.US
2025-07-28,53.07,XLF.US
2025-07-29,52.8,XLF.US
2025-07-30,52.7,XLF.US
2025-07-31,52.37,XLF.US
2025-08-01,51.4,XLF.US
2025-08-04,51.91,XLF.US
2025-08-05,51.7,XLF.US
2025-08-06,51.95,XLF.US
2025-08-07,51.37,XLF.US
2025-08-08,51.85,XLF.US
2025-08-11,51.83,XLF.US
2025-08-12,52.46,XLF.US
2025-08-13,52.76,XLF.US
2025-08-14,53.01,XLF.US
2025-08-15,52.46,XLF.US
2025-08-18,52.5,XLF.US
2025-08-19,52.6,XLF.US
2025-08-20,52.87,XLF.US
2025-08-21,52.7,XLF.US
2025-08-22,53.57,XLF.US
2025-08-25,53.26,XLF.US
2025-08-26,53.67,XLF.US
2025-08-27,53.78,XLF.US
2025-08-28,53.85,XLF.US
2025-08-29,53.99,XLF.US
2025-09-02,53.59,XLF.US
2025-09-03,53.5,XLF.US
2025-09-04,54.06,XLF.US
2025-09-05,53.07,XLF.US
2025-09-08,53.11,XLF.US
2025-09-09,53.34,XLF.US
2025-09-10,53.16,XLF.US
2025-09-11,54.03,XLF.US
2025-09-12,53.8,XLF.US
2025-09-15,53.68,XLF.US
2025-09-16,53.56,XLF.US
2025-09-17,54.08,XLF.US
2025-09-18,54.13,XLF.US
2025-09-19,54.25,XLF.US
2025-09-22,54.0,XLF.US
2025-09-23,53.76,XLF.US
2025-09-24,53.61,XLF.US
2025-09-25,53.47,XLF.US
2025-09-26,53.86,XLF.US
2025-09-29,54.13,XLF.US
2025-09-30,53.87,XLF.US
2025-10-01,53.39,XLF.US
2025-10-02,53.35,XLF.US
2025-10-03,53.72,XLF.US
2025-10-06,53.7,XLF.US
2025-10-07,53.77,XLF.US
2025-10-08,53.51,XLF.US
2025-10-09,53.32,XLF.US
2025-10-10,52.16,XLF.US
2025-10-13,52.66,XLF.US
2025-10-14,53.24,XLF.US
2025-10-15,53.24,XLF.US
2025-10-16,51.76,XLF.US
2025-10-17,52.18,XLF.US
2025-10-20,52.79,XLF.US
2025-10-21,52.73,XLF.US
2025-10-22,52.43,XLF.US
2025-10-23,52.54,XLF.US
2025-10-24,53.11,XLF.US
2025-10-27,53.33,XLF.US
2025-10-28,52.99,XLF.US
2025-10-29,52.09,XLF.US
2025-10-30,52.23,XLF.US
2025-10-31,52.37,XLF.US
2025-11-03,52.15,XLF.US
2025-11-04,52.42,XLF.US
2025-11-05,52.6,XLF.US
2025-11-06,52.41,XLF.US
2025-11-07,52.78,XLF.US
2025-11-10,52.97,XLF.US
2025-11-11,53.21,XLF.US
2025-11-12,53.67,XLF.US
2025-11-13,52.98,XLF.US
2025-11-14,52.45,XLF.US
2025-11-17,51.45,XLF.US
2025-11-18,51.37,XLF.US
2025-11-19,51.56,XLF.US
2025-11-20,51.11,XLF.US
2025-11-21,51.67,XLF.US
2025-11-24,51.89,XLF.US
2025-11-25,52.54,XLF.US
2025-11-26,52.95,XLF.US
2025-11-28,53.33,XLF.US
2025-12-01,52.89,XLF.US
2025-12-02,52.84,XLF.US
2025-12-03,53.55,XLF.US
2025-12-04,53.66,XLF.US
2025-12-05,53.68,XLF.US
2025-12-08,53.48,XLF.US
2025-12-09,53.28,XLF.US
2025-12-10,53.89,XLF.US
2025-12-11,54.87,XLF.US
2025-12-12,54.95,XLF.US
2025-12-15,54.99,XLF.US
2025-12-16,54.64,XLF.US
2025-12-17,54.63,XLF.US
2025-12-18,54.54,XLF.US
2025-12-19,54.84,XLF.US
2025-12-22,55.32,XLF.US
2025-12-23,55.43,XLF.US
2025-12-24,55.73,XLF.US
2025-12-26,55.61,XLF.US
2025-07-09,257.83,XLK.US
2025-07-10,256.98,XLK.US
2025-07-11,255.85,XLK.US
2025-07-14,255.64,XLK.US
2025-07-15,257.91,XLK.US
2025-07-16,258.71,XLK.US
2025-07-17,261.06,XLK.US
2025-07-18,260.89,XLK.US
2025-07-21,261.23,XLK.US
2025-07-22,258.81,XLK.US
2025-07-23,260.29,XLK.US
2025-07-24,261.39,XLK.US
2025-07-25,261.99,XLK.US
2025-07-28,264.08,XLK.US
2025-07-29,264.09,XLK.US
2025-07-30,264.68,XLK.US
2025-07-31,262.74,XLK.US
2025-08-01,257.07,XLK.US
2025-08-04,262.29,XLK.US
2025-08-05,260.12,XLK.US
2025-08-06,263.05,XLK.US
2025-08-07,263.29,XLK.US
2025-08-08,265.92,XLK.US
2025-08-11,264.12,XLK.US
2025-08-12,268.21,XLK.US
2025-08-13,268.31,XLK.US
2025-08-14,267.73,XLK.US
2025-08-15,265.7,XLK.US
2025-08-18,266.27,XLK.US
2025-08-19,261.62,XLK.US
2025-08-20,259.85,XLK.US
2025-08-21,258.91,XLK.US
2025-08-22,262.42,XLK.US
2025-08-25,261.83,XLK.US
2025-08-26,263.03,XLK.US
2025-08-27,264.45,XLK.US
2025-08-28,266.54,XLK.US
2025-08-29,262.45,XLK.US
2025-09-02,259.8,XLK.US
2025-09-03,261.35,XLK.US
2025-09-04,262.64,XLK.US
2025-09-05,262.86,XLK.US
2025-09-08,264.83,XLK.US
2025-09-09,265.34,XLK.US
2025-09-10,270.15,XLK.US
2025-09-11,271.06,XLK.US
2025-09-12,270.88,XLK.US
2025-09-15,273.32,XLK.US
2025-09-16,272.37,XLK.US
2025-09-17,271.43,XLK.US
2025-09-18,276.12,XLK.US
2025-09-19,278.92,XLK.US
2025-09-22,282.66,XLK.US
2025-09-23,280.22,XLK.US
2025-09-24,278.49,XLK.US
2025-09-25,278.0,XLK.US
2025-09-26,278.84,XLK.US
2025-09-29,280.33,XLK.US
2025-09-30,281.86,XLK.US
2025-10-01,284.62,XLK.US
2025-10-02,286.16,XLK.US
2025-10-03,284.72,XLK.US
2025-10-06,287.6,XLK.US
2025-10-07,285.68,XLK.US
2025-10-08,290.69,XLK.US
2025-10-09,290.2,XLK.US
2025-10-10,278.39,XLK.US
2025-10-13,285.17,XLK.US
2025-10-14,281.51,XLK.US
2025-10-15,284.3,XLK.US
2025-10-16,284.51,XLK.US
2025-10-17,285.01,XLK.US
2025-10-20,288.19,XLK.US
2025-10-21,288.34,XLK.US
2025-10-22,285.49,XLK.US
2025-10-23,289.09,XLK.US
2025-10-24,293.58,XLK.US
2025-10-27,299.0,XLK.US
2025-10-28,301.96,XLK.US
2025-10-29,304.13,XLK.US
2025-10-30,300.39,XLK.US
2025-10-31,300.68,XLK.US
2025-11-03,301.91,XLK.US
2025-11-04,293.94,XLK.US
2025-11-05,295.09,XLK.US
2025-11-06,289.16,XLK.US
2025-11-07,288.16,XLK.US
2025-11-10,295.53,XLK.US
2025-11-11,293.01,XLK.US
2025-11-12,293.92,XLK.US
2025-11-13,286.59,XLK.US
2025-11-14,288.15,XLK.US
2025-11-17,283.64,XLK.US
2025-11-18,279.03,XLK.US
2025-11-19,280.97,XLK.US
2025-11-20,272.15,XLK.US
2025-11-21,273.2,XLK.US
2025-11-24,279.71,XLK.US
2025-11-25,280.46,XLK.US
2025-11-26,283.78,XLK.US
2025-11-28,286.22,XLK.US
2025-12-01,286.35,XLK.US
2025-12-02,289.3,XLK.US
2025-12-03,289.99,XLK.US
2025-12-04,291.07,XLK.US
2025-12-05,146.6,XLK.US
2025-12-08,147.63,XLK.US
2025-12-09,148.02,XLK.US
2025-12-10,148.73,XLK.US
2025-12-11,147.97,XLK.US
2025-12-12,143.69,XLK.US
2025-12-15,142.3,XLK.US
2025-12-16,142.56,XLK.US
2025-12-17,139.39,XLK.US
2025-12-18,141.54,XLK.US
2025-12-19,144.6,XLK.US
2025-12-22,145.16,XLK.US
2025-12-23,145.95,XLK.US
2025-12-24,146.3,XLK.US
2025-12-26,146.52,XLK.US
