date,port_ret,port_value,drawdown,max_drawdown_to_date,vol_30,vol_60,vol_252,beta,var95_252,cvar95_252,var99_252,cvar99_252
2025-03-13,-0.0056315435134769,183.29958109049355,-0.06118567432079269,-0.21459550288898221,0.10537122252835061,0.1106943271934075,0.09637057978750051,0.6659860300371784,0.010070706850543981,0.014407128386486202,0.016107718274571203,0.020179243777236032
2025-03-14,0.0133035322670659,185.73811298207065,-0.04869612764633535,-0.21459550288898221,0.11145417694373871,0.1143756153589802,0.09722387710005642,0.668186698341675,0.010070706850543981,0.014407128386486202,0.016107718274571203,0.020179243777236032
2025-03-17,0.0069977584548066,187.03786343257076,-0.042039132930482226,-0.21459550288898221,0.11371490728614188,0.11515948818318385,0.09743385069676737,0.6688409975004982,0.010070706850543981,0.014407128386486202,0.016107718274571203,0.020179243777236032
2025-03-18,-0.0047316604825525,186.15286376542585,-0.046571878509026665,-0.21459550288898221,0.11410524374875605,0.11524669039248776,0.09731205015661044,0.6666485026279398,0.010070706850543981,0.014407128386486202,0.016107718274571203,0.020179243777236032
2025-03-19,0.0079880761811888,187.6398670225305,-0.03895582204126913,-0.21459550288898221,0.11566812341336746,0.10524360520550986,0.09751185390746929,0.6672256586205703,0.010070706850543981,0.014407128386486202,0.016107718274571203,0.020179243777236032
2025-03-20,-0.0015318492132231,187.35243103986275,-0.04042799680914788,-0.21459550288898221,0.11230916091733713,0.10502342349255837,0.0975254531793614,0.667930195136458,0.010070706850543981,0.014407128386486202,0.016107718274571203,0.020179243777236032
2025-03-21,-0.0026182318736016,186.8618989333174,-0.04294037881291801,-0.21459550288898221,0.11213678810848393,0.1034037776831049,0.09754021305703459,0.668201610816623,0.010070706850543981,0.014407128386486202,0.016107718274571203,0.020179243777236032
2025-03-24,0.0092492506876842,188.5902314805284,-0.03408829445349859,-0.21459550288898221,0.11538071587883855,0.1048124677967896,0.09764680708871294,0.6647666518770354,0.010070706850543981,0.014407128386486202,0.016107718274571203,0.020179243777236032
2025-03-25,-0.0004893310209478,188.4979484300172,-0.03456094501451923,-0.21459550288898221,0.11425433875751986,0.1037549289102426,0.09757948035254765,0.6642639061948886,0.010070706850543981,0.014407128386486202,0.016107718274571203,0.020179243777236032
2025-03-26,-0.0067039336340482,187.23427069358817,-0.041033184366859876,-0.21459550288898221,0.11547305686934395,0.10453702281893523,0.09776026924084966,0.6632154241235713,0.010070706850543981,0.014407128386486202,0.016107718274571203,0.020179243777236032
2025-03-27,-0.0020391548652132,186.85247101956867,-0.04298866621453634,-0.21459550288898221,0.1150465350445373,0.10306068120397138,0.09773960337759856,0.6631018568793475,0.010070706850543981,0.014407128386486202,0.016107718274571203,0.020179243777236032
2025-03-28,-0.0084165284023214,185.27982189018851,-0.05104337928668534,-0.21459550288898221,0.11272116929673301,0.10402571908358633,0.0981312529483624,0.6580138707705506,0.010070706850543981,0.014407128386486202,0.016107718274571203,0.020179243777236032
2025-03-31,0.0052043650006652,186.2440857105633,-0.04610466266269542,-0.21459550288898221,0.1143910573098391,0.1046024407798043,0.0977931435835302,0.6564916691632308,0.010070706850543981,0.014407128386486202,0.016107718274571203,0.020179243777236032
2025-04-01,0.0025584452380579,186.7205810047659,-0.04366417367927922,-0.21459550288898221,0.11414912759910965,0.10472711193736843,0.09779336568172528,0.656645756005833,0.010070706850543981,0.014407128386486202,0.016107718274571203,0.020179243777236032
2025-04-02,0.0047384699371816,187.60535086451011,-0.03913260511640859,-0.21459550288898221,0.11542534161716408,0.10430893228868528,0.09777288284385585,0.6564198043211705,0.010070706850543981,0.014407128386486202,0.016107718274571203,0.020179243777236032
2025-04-03,-0.0327364146159295,181.4638243144426,-0.07058795854624578,-0.21459550288898221,0.14708358661242713,0.12393234264063911,0.10306032217405121,0.6570847100468088,0.010225532083754214,0.016139643098589403,0.01800602771959946,0.025535796872838534
2025-04-04,-0.0346321732893043,175.17933770504493,-0.10277551742303837,-0.21459550288898221,0.17347846383792379,0.14157020982188345,0.10878881523139713,0.648316619891831,0.010530649029928158,0.018015966815453685,0.021884777527052778,0.030613199872846598
2025-04-07,-0.0090483270223466,173.59425776993157,-0.11089389795385052,-0.21459550288898221,0.17427321044637048,0.1424005023554789,0.10896661001239216,0.6494823099736728,0.010530649029928158,0.018015966815453685,0.021884777527052778,0.030613199872846598
2025-04-08,-0.0134080842867728,171.26669133005257,-0.12281510750996938,-0.21459550288898221,0.1765825977827917,0.14279902095863897,0.10968997213960048,0.652346842409213,0.011297674435027456,0.018209978718472027,0.021884777527052778,0.030613199872846598
2025-04-09,0.0620462581541965,181.8931486735321,-0.06838906722157179,-0.21459550288898221,0.259710925047332,0.19295703433830275,0.1259968069605513,0.6333901895937344,0.011297674435027456,0.018209978718472027,0.021884777527052778,0.030613199872846598
2025-04-10,-0.0255931120043035,177.23793694671497,-0.09223189016860378,-0.21459550288898221,0.26777136164973314,0.1996561797260134,0.128563805928925,0.6308512104051079,0.01200677242636328,0.01927091670446399,0.02502084085589477,0.0309872333031791
2025-04-11,0.0109968335919979,179.186993045507,-0.0822493153246655,-0.21459550288898221,0.26817526291380933,0.19862434018461592,0.12814517990364005,0.6284306346574247,0.011297674435027456,0.019042558585113337,0.02502084085589477,0.0309872333031791
2025-04-14,0.007527802464457,180.5358773333536,-0.07534066945880946,-0.21459550288898221,0.26877700100501306,0.19924378184766242,0.1282198007927213,0.6285262949582855,0.011297674435027456,0.019042558585113337,0.02502084085589477,0.0309872333031791
2025-04-15,0.0025208173286039,180.99097530137024,-0.07300977219532578,-0.21459550288898221,0.2681332390143967,0.19893367169323542,0.12794097942601484,0.6282347529647111,0.011297674435027456,0.019042558585113337,0.02502084085589477,0.0309872333031791
2025-04-16,-0.0078918401301261,179.56262345929622,-0.08032543087534949,-0.21459550288898221,0.2682922480110089,0.19852085799802263,0.12789308575646635,0.6244507247821864,0.011297674435027456,0.019042558585113337,0.02502084085589477,0.0309872333031791
2025-04-17,0.0006201600353687,179.67398102221165,-0.07975508546203336,-0.21459550288898221,0.2657877070500447,0.19849982454463241,0.12784251248082534,0.6243135147620653,0.011297674435027456,0.019042558585113337,0.02502084085589477,0.0309872333031791
2025-04-21,-0.0138160103511215,177.19160344058153,-0.092469198726857,-0.21459550288898221,0.26802436852624045,0.20014077139073558,0.12854648817976438,0.623661878255232,0.01200677242636328,0.019197565674706683,0.02502084085589477,0.0309872333031791
2025-04-22,0.0152689050336276,179.897125206272,-0.0786121971071253,-0.21459550288898221,0.2690920542659349,0.20299710532450788,0.12939843411037147,0.6229115797481524,0.01200677242636328,0.019197565674706683,0.02502084085589477,0.0309872333031791
2025-04-23,0.0091707228103454,181.54691187591672,-0.0701624049659616,-0.21459550288898221,0.2703992005515094,0.20367548811752254,0.1296740225763953,0.6234024045108786,0.01200677242636328,0.019197565674706683,0.02502084085589477,0.0309872333031791
2025-04-24,0.0147443929183161,184.22371087772217,-0.05645251411455754,-0.21459550288898221,0.2737514035625076,0.20582385334857578,0.13043172283017035,0.6246996280936707,0.01200677242636328,0.019197565674706683,0.02502084085589477,0.0309872333031791
2025-04-25,0.0029874890344206,184.7740771938496,-0.053633676347019876,-0.21459550288898221,0.2733167944408247,0.2058560073207716,0.1302958692151861,0.6246047987982883,0.01200677242636328,0.019197565674706683,0.02502084085589477,0.0309872333031791
2025-04-28,0.0030313859665354,185.33419873843457,-0.050764874754296474,-0.21459550288898221,0.27071465517557425,0.20547660323136083,0.13031785209687863,0.6245880410552208,0.01200677242636328,0.019197565674706683,0.02502084085589477,0.0309872333031791
2025-04-29,0.0044616322156609,186.1610917701897,-0.04652973673926308,-0.21459550288898221,0.27024979003921573,0.205653675724048,0.13031896312667474,0.6245050024351557,0.01200677242636328,0.019197565674706683,0.02502084085589477,0.0309872333031791
2025-04-30,-0.0006819598630598,186.03413737753905,-0.04717996518942791,-0.21459550288898221,0.2698906470197723,0.20558002758837196,0.13020273499374105,0.6245080626627649,0.01200677242636328,0.019197565674706683,0.02502084085589477,0.0309872333031791
2025-05-01,0.0016494612415162,186.3409934767422,-0.04560832547186777,-0.21459550288898221,0.2689077277372793,0.20529843347399507,0.13016966482307057,0.6239315559384883,0.01200677242636328,0.019197565674706683,0.02502084085589477,0.0309872333031791
2025-05-02,0.0084668068572686,187.91870667810133,-0.03752767549745295,-0.21459550288898221,0.27000249394897413,0.2052960026240097,0.12970907285275038,0.6222436609728083,0.011297674435027456,0.01910017690057563,0.02502084085589477,0.0309872333031791
2025-05-05,-0.0012646854665335,187.68104862087577,-0.038744900258191994,-0.21459550288898221,0.2699065117678324,0.20526718354689608,0.1297193738442649,0.622063053279652,0.011297674435027456,0.01910017690057563,0.02502084085589477,0.0309872333031791
2025-05-06,-0.0022547353997499,187.25787751668807,-0.04091227615977011,-0.21459550288898221,0.2686424606620353,0.20504267114915392,0.12958554029119687,0.6212110522136424,0.011297674435027456,0.01910017690057563,0.02502084085589477,0.0309872333031791
2025-05-07,0.002767137236358,187.77604576236587,-0.03825834880619794,-0.21459550288898221,0.26876715316726163,0.2048809566340257,0.12931487263141989,0.6208287147310982,0.011297674435027456,0.01910017690057563,0.02502084085589477,0.0309872333031791
2025-05-08,0.0019967997395126,188.15099692163088,-0.03633794332761564,-0.21459550288898221,0.26806078395624705,0.20492710651503393,0.1291250294978829,0.6201667559049888,0.011297674435027456,0.01910017690057563,0.02502084085589477,0.0309872333031791
2025-05-09,0.000826209179677,188.30644900245295,-0.03554175689028638,-0.21459550288898221,0.26797221290194195,0.2047573382827917,0.12911597422299748,0.6200821629517888,0.011297674435027456,0.01910017690057563,0.02502084085589477,0.0309872333031791
2025-05-12,0.0150797281512423,191.1460590625357,-0.020997988770967146,-0.21459550288898221,0.26990458628661146,0.20625603773845588,0.1299245592332351,0.6156571789334772,0.011297674435027456,0.01910017690057563,0.02502084085589477,0.0309872333031791
2025-05-13,0.0029410887444466,191.7082365853899,-0.01811865697495063,-0.21459550288898221,0.2696908148945857,0.20635612342270812,0.12980282049906788,0.615103668772749,0.011297674435027456,0.01910017690057563,0.02502084085589477,0.0309872333031791
2025-05-14,-0.0036933704572535,191.00018704797327,-0.0217451085198076,-0.21459550288898221,0.27000602417090563,0.20635527515744942,0.12986924520662418,0.6150409217192772,0.011297674435027456,0.01910017690057563,0.02502084085589477,0.0309872333031791
2025-05-15,0.0067598625702597,192.29132206331144,-0.015132239894717348,-0.21459550288898221,0.27031949967570873,0.20685271294178112,0.13002151657097677,0.6154226669197126,0.011297674435027456,0.01910017690057563,0.02502084085589477,0.0309872333031791
2025-05-16,0.0033100730678958,192.92782038966328,-0.01187225564655403,-0.21459550288898221,0.2507522925727229,0.20686577696688535,0.12994347151573463,0.615049574717681,0.011297674435027456,0.01910017690057563,0.02502084085589477,0.0309872333031791
2025-05-19,-1.4883949531430032e-05,192.9249488617214,-0.01188696289003155,-0.21459550288898221,0.22540195521080822,0.20591567489437107,0.12949718895717452,0.6140263733884734,0.011297674435027456,0.01910017690057563,0.02502084085589477,0.0309872333031791
2025-05-20,-0.0013962810749436,192.65557140674133,-0.013266646423653161,-0.21459550288898221,0.22283060254566522,0.20590341050877556,0.1294875840297494,0.6139171351727348,0.011297674435027456,0.01910017690057563,0.02502084085589477,0.0309872333031791
2025-05-21,-0.0145666919626632,189.84921704316844,-0.027640087234485522,-0.21459550288898221,0.22362168955066963,0.20807102579898962,0.13034952272692515,0.6157247098244965,0.01200677242636328,0.01931292872951834,0.02502084085589477,0.0309872333031791
2025-05-22,-2.4502676141180463e-05,189.84456522928755,-0.02766391265452084,-0.21459550288898221,0.13874207503818295,0.20802064232281894,0.1303501092450263,0.6157320002523329,0.01200677242636328,0.01931292872951834,0.02502084085589477,0.0309872333031791
2025-05-23,-0.0013618232056775,189.58603049488656,-0.0289880625019856,-0.21459550288898221,0.1130794596192246,0.2069777235112959,0.13035413068714716,0.6152277443384324,0.01200677242636328,0.01931292872951834,0.02502084085589477,0.0309872333031791
2025-05-27,0.0135137277796993,192.14804450182825,-0.01586607150779884,-0.21459550288898221,0.11498615589247377,0.2078216537156708,0.13094451582988223,0.6153652920003931,0.01200677242636328,0.01931292872951834,0.02502084085589477,0.0309872333031791
2025-05-28,-0.0038659626593798,191.40520733671133,-0.019670696527178455,-0.21459550288898221,0.1152743281347754,0.20709459165076316,0.13060127252984954,0.6143725262186456,0.01200677242636328,0.01931292872951834,0.02502084085589477,0.0309872333031791
2025-05-29,0.003864521164483,192.1448968114563,-0.01588219318574491,-0.21459550288898221,0.11539522236971576,0.20635425424845458,0.13058483929537681,0.6144413854518816,0.01200677242636328,0.01931292872951834,0.02502084085589477,0.0309872333031791
2025-05-30,-0.0011197820169382,191.9297364113604,-0.01698419060836409,-0.21459550288898221,0.11195811433209421,0.20622753405364838,0.13056910141803288,0.6144719837509149,0.01200677242636328,0.01931292872951834,0.02502084085589477,0.0309872333031791
2025-06-02,0.0030907724190294,192.52294754705215,-0.013945912457226872,-0.21459550288898221,0.11187517590908076,0.20413152524015177,0.13035984018945088,0.6138329775246246,0.01200677242636328,0.01931292872951834,0.02502084085589477,0.0309872333031791
2025-06-03,0.0039660801283125,193.28650898356273,-0.010035142935181929,-0.21459550288898221,0.10090934627708169,0.20421559057307062,0.13040600248397327,0.6146218955780555,0.01200677242636328,0.01931292872951834,0.02502084085589477,0.0309872333031791
2025-06-04,0.0023954845743551,193.7495238342638,-0.007663697390929425,-0.21459550288898221,0.09387406189164431,0.20144214202224864,0.13032166089591107,0.6146007666027432,0.01200677242636328,0.01931292872951834,0.02502084085589477,0.0309872333031791
2025-06-05,-0.0026344885219368,193.23909293759175,-0.010277995990054078,-0.21459550288898221,0.09280553302571198,0.2013228791877824,0.13035244069478874,0.6145650843283965,0.01200677242636328,0.01931292872951834,0.02502084085589477,0.0309872333031791
2025-06-06,0.0033926255193901,193.8946808156356,-0.00692023986214807,-0.21459550288898221,0.084856221566213,0.20134034927894048,0.13038511088989158,0.613864734973577,0.01200677242636328,0.01931292872951834,0.02502084085589477,0.0309872333031791
2025-06-09,0.0015086815242965,194.18720613824155,-0.005421998775875125,-0.21459550288898221,0.08477258618363807,0.20087903253579942,0.1300714851418859,0.6132818454912023,0.01200677242636328,0.01931292872951834,0.02502084085589477,0.0309872333031791
2025-06-10,0.004124818180329,194.98819305650787,-0.0013195453546706037,-0.21459550288898221,0.08498398512232284,0.19936068842235746,0.13011936576884806,0.6133402391749612,0.01200677242636328,0.01931292872951834,0.02502084085589477,0.0309872333031791
2025-06-11,-0.0010152025755733,194.7902405407105,-0.0023334083244013204,-0.21459550288898221,0.08492425747535569,0.19898765925300468,0.12989704727561202,0.6129966127859611,0.01200677242636328,0.01931292872951834,0.02502084085589477,0.0309872333031791
2025-06-12,0.0037898557859944,195.52846746087897,0.0,-0.21459550288898221,0.08490325290073655,0.198750548667787,0.12993465686454603,0.6131253314460061,0.01200677242636328,0.01931292872951834,0.02502084085589477,0.0309872333031791
2025-06-13,-0.0083777668177456,193.89037555426057,-0.008377766817745602,-0.21459550288898221,0.08976349454286939,0.19908583452627315,0.1302194973874597,0.6135471830975767,0.01200677242636328,0.01931292872951834,0.02502084085589477,0.0309872333031791
2025-06-16,0.0034697477895103,194.56312625624724,-0.004937087766132442,-0.21459550288898221,0.08745466919446145,0.1991184927922847,0.1300465564972814,0.6125235829401,0.01200677242636328,0.01931292872951834,0.02502084085589477,0.0309872333031791
2025-06-17,-0.0021012090190029,194.15430846059223,-0.00702792293179344,-0.21459550288898221,0.08769062131556574,0.1990844392757392,0.13005172434786924,0.6118145930546607,0.01200677242636328,0.01931292872951834,0.02502084085589477,0.0309872333031791
2025-06-18,0.0008027674887362,194.31016922722247,-0.006230797231100094,-0.21459550288898221,0.08710615318366445,0.19828886401515022,0.1300445111667717,0.6117989417145738,0.01200677242636328,0.01931292872951834,0.02502084085589477,0.0309872333031791
2025-06-20,-0.0016504149594707,193.9894768171526,-0.007870928789611153,-0.21459550288898221,0.08737702811382975,0.1983297334547621,0.13004162114020584,0.6120144056456839,0.01200677242636328,0.01931292872951834,0.02502084085589477,0.0309872333031791
2025-06-23,0.0070928174763447,195.36540876854824,-0.0008339383745405993,-0.21459550288898221,0.08906336170418697,0.19818846784931532,0.13018090954609637,0.6121413419220748,0.01200677242636328,0.01931292872951834,0.02502084085589477,0.0309872333031791
2025-06-24,0.0064514391141128,196.62579680822233,0.0,-0.21459550288898221,0.09030325632723026,0.19843546730031886,0.13030445635494306,0.6120285218701895,0.01200677242636328,0.01931292872951834,0.02502084085589477,0.0309872333031791
2025-06-25,-0.0025228553807906,196.12973835874243,-0.0025228553807907783,-0.21459550288898221,0.08117987485428761,0.19761618045930596,0.13031945243428095,0.611979299075125,0.01200677242636328,0.01931292872951834,0.02502084085589477,0.0309872333031791
2025-06-26,0.004047105629752,196.9234961270159,0.0,-0.21459550288898221,0.08148766158232108,0.19752584094091186,0.1303509180215172,0.6118476788868841,0.01200677242636328,0.01931292872951834,0.02502084085589477,0.0309872333031791
2025-06-27,-0.0012340402832259,196.68048460008148,-0.0012340402832259345,-0.21459550288898221,0.08058773086738397,0.19755137060483416,0.13036126459264263,0.6115095140460385,0.01200677242636328,0.01931292872951834,0.02502084085589477,0.0309872333031791
2025-06-30,0.0057854687221681,197.81837339199612,0.0,-0.21459550288898221,0.08002903240813211,0.19764894076265735,0.13040975070118885,0.61185082981021,0.01200677242636328,0.01931292872951834,0.02502084085589477,0.0309872333031791
2025-07-01,0.0007738460731394,197.97145436344036,0.0,-0.21459550288898221,0.07971809665994771,0.18475870594124566,0.13036413562712204,0.6117656285982526,0.01200677242636328,0.01931292872951834,0.02502084085589477,0.0309872333031791
2025-07-02,0.0033822444399833,198.6410422142365,0.0,-0.21459550288898221,0.07999691636294573,0.16871885924307112,0.13034802392939088,0.6117301710700731,0.01200677242636328,0.01931292872951834,0.02502084085589477,0.0309872333031791
2025-07-03,0.0039693456542423,199.4295171719038,0.0,-0.21459550288898221,0.0801198434800078,0.16712973436685272,0.13035866170202426,0.6116915127358382,0.01200677242636328,0.01931292872951834,0.02502084085589477,0.0309872333031791
2025-07-07,-0.0064707638037982,198.1390558707789,-0.006470763803798185,-0.21459550288898221,0.06896593564613974,0.16492284501394908,0.13046146356218172,0.6119436950410035,0.01200677242636328,0.01931292872951834,0.02502084085589477,0.0309872333031791
2025-07-08,-0.0010536495488067,197.93028674395964,-0.007517595435242663,-0.21459550288898221,0.069219196028396,0.10870536839723281,0.1303956290687113,0.6117776070550499,0.01200677242636328,0.01931292872951834,0.02502084085589477,0.0309872333031791
2025-07-09,0.0054484446123187,199.0086989483845,-0.0021101100252705063,-0.21459550288898221,0.06967030176357583,0.09326079518741949,0.1304406151048936,0.6119376551572836,0.01200677242636328,0.01931292872951834,0.02502084085589477,0.0309872333031791
2025-07-10,0.0019656270741963,199.39987583503805,-0.00014863064046932717,-0.21459550288898221,0.05990502492939362,0.09133550440910312,0.13044819191929796,0.6119422516259315,0.01200677242636328,0.01931292872951834,0.02502084085589477,0.0309872333031791
2025-07-11,-0.0040164864540783,198.59898893480172,-0.004164520121593518,-0.21459550288898221,0.06001804828297924,0.0913070798454256,0.13052519165830082,0.612140904425866,0.01200677242636328,0.01931292872951834,0.02502084085589477,0.0309872333031791
2025-07-14,0.0021767834572749,199.03129592854657,-0.0019968019228265854,-0.21459550288898221,0.059573804331424896,0.09129509186433514,0.1304069963609922,0.6121496219595846,0.01200677242636328,0.01931292872951834,0.02502084085589477,0.0309872333031791
2025-07-15,-0.005549733949113,197.9267251885959,-0.0075354541525191054,-0.21459550288898221,0.06237818968620431,0.09037647128649046,0.13047870670698805,0.6146417364486642,0.01200677242636328,0.01931292872951834,0.02502084085589477,0.0309872333031791
2025-07-16,0.0039454060281761,198.70762648329213,-0.003619778550581376,-0.21459550288898221,0.06267159871538958,0.0904730612006286,0.13045922012438343,0.6146728379957966,0.01200677242636328,0.01931292872951834,0.02502084085589477,0.0309872333031791
2025-07-17,0.0046579631803339,199.63319929110287,0.0,-0.21459550288898221,0.06298150171275305,0.0846810607621364,0.13048466894853838,0.6146769170811391,0.01200677242636328,0.01931292872951834,0.02502084085589477,0.0309872333031791
2025-07-18,-0.0001323784057789,199.60677216644015,-0.00013237840577895454,-0.21459550288898221,0.0629506083771857,0.08013655889708948,0.1301353036947681,0.613865222010888,0.01200677242636328,0.01931292872951834,0.02502084085589477,0.0309872333031791
2025-07-21,0.002681237739131,200.14196537695895,0.0,-0.21459550288898221,0.062163414000696936,0.07865870417659626,0.12984076079560586,0.6138865644709286,0.01200677242636328,0.01931292872951834,0.02502084085589477,0.0309872333031791
2025-07-22,0.0029953756027437,200.74146573713423,0.0,-0.21459550288898221,0.062050998391314234,0.0738349493991218,0.1296810441297212,0.6134887852828371,0.01200677242636328,0.01931292872951834,0.02502084085589477,0.0309872333031791
2025-07-23,0.0020988391280567,201.1627897800468,0.0,-0.21459550288898221,0.0621029699246625,0.07377797942288605,0.12946126247558357,0.6123180011614566,0.01200677242636328,0.01931292872951834,0.02502084085589477,0.0309872333031791
2025-07-24,-0.0017917953163722,200.80234723549052,-0.0017917953163724132,-0.21459550288898221,0.06203617941309178,0.0739921057903246,0.12928069542055928,0.6120356004620996,0.01200677242636328,0.01931292872951834,0.02502084085589477,0.0309872333031791
2025-07-25,0.0021296782830669,201.22999163358676,0.0,-0.21459550288898221,0.061823289771964426,0.07372677928655068,0.12929135721985932,0.6120809519258134,0.01200677242636328,0.01931292872951834,0.02502084085589477,0.0309872333031791
2025-07-28,-0.0017024485622481,200.887407923649,-0.0017024485622479935,-0.21459550288898221,0.06178997350835865,0.07387398242737798,0.12816304294656827,0.6104932596265746,0.011297674435027456,0.018938633564694187,0.02502084085589477,0.0309872333031791
2025-07-29,0.0029188524151489,201.4737686194399,0.0,-0.21459550288898221,0.05537782915210641,0.07394601007013024,0.1281621785971107,0.6102963938159135,0.011297674435027456,0.018938633564694187,0.02502084085589477,0.0309872333031791
2025-07-30,-0.0034930724034447,200.77000615825736,-0.0034930724034446525,-0.21459550288898221,0.05665367146206797,0.07306083881271315,0.12782295159904478,0.6094713668287355,0.011297674435027456,0.018938633564694187,0.02502084085589477,0.0309872333031791
2025-07-31,-0.0036263250848521,200.04194884863975,-0.007106730472216993,-0.21459550288898221,0.05755686934923526,0.07354786885156028,0.127887629424137,0.6096205148130386,0.011297674435027456,0.018938633564694187,0.02502084085589477,0.0309872333031791
2025-08-01,-0.0071988844416003,198.60186997540583,-0.014254454382390369,-0.21459550288898221,0.06227688594092423,0.07518345311325748,0.12811401477659215,0.6088396604817594,0.011297674435027456,0.018938633564694187,0.02502084085589477,0.0309872333031791
2025-08-04,0.0106045704574071,200.7079574985329,-0.003801046290812904,-0.21459550288898221,0.06805668447418087,0.07764921173232021,0.12801210730223414,0.6085905981141141,0.011297674435027456,0.018938633564694187,0.02502084085589477,0.0309872333031791
2025-08-05,-0.0011377363044893,200.4796047686869,-0.004934458006942144,-0.21459550288898221,0.06595360862397708,0.07776408388300045,0.1275732516104005,0.6077169206112883,0.011297674435027456,0.018938633564694187,0.02502084085589477,0.0309872333031791
2025-08-06,0.0012840681525509,200.73703424440637,-0.0036567260347680763,-0.21459550288898221,0.06381955862444676,0.07776361062009828,0.127172622663667,0.6079278860758653,0.011297674435027456,0.018938633564694187,0.02502084085589477,0.0309872333031791
2025-08-07,-0.0002797780228011,200.6808724338625,-0.003935480985989281,-0.21459550288898221,0.06316365763406474,0.07211706072301838,0.1255949059404202,0.6066122829904919,0.010516216143613772,0.018283707815329123,0.02502084085589477,0.0309872333031791
2025-08-08,0.0025368510580017,201.18996991741707,-0.0014086136570905516,-0.21459550288898221,0.06263274055666322,0.07207106546805735,0.12555476739719693,0.6065017030171376,0.010516216143613772,0.018283707815329123,0.02502084085589477,0.0309872333031791
2025-08-11,-0.0027847026447134,200.62971567609824,-0.004189393731627522,-0.21459550288898221,0.06321217748261439,0.0718520090099155,0.12542442702229714,0.6062310423843033,0.010516216143613772,0.018283707815329123,0.02502084085589477,0.0309872333031791
2025-08-12,0.0074962195758002,202.1336800782367,0.0,-0.21459550288898221,0.06459441252063906,0.07212688526722362,0.12479076724415102,0.6059848891695939,0.010516216143613772,0.018283707815329123,0.02502084085589477,0.0309872333031791
2025-08-13,0.0051126594950488,203.1671207569578,0.0,-0.21459550288898221,0.06583356960997504,0.07248401134457977,0.12483625637817052,0.6060978285089295,0.010516216143613772,0.018283707815329123,0.02502084085589477,0.0309872333031791
2025-08-14,-0.0031452908545857,202.52810107008844,-0.0031452908545855918,-0.21459550288898221,0.06638692665026347,0.07293023600465914,0.12488928802000472,0.6061704335524977,0.010516216143613772,0.018283707815329123,0.02502084085589477,0.0309872333031791
2025-08-15,-0.0035650799684225,201.8060721939208,-0.006699157609587614,-0.21459550288898221,0.0667085623872277,0.07334603805131985,0.1245137951661638,0.6059361722929983,0.010516216143613772,0.018283707815329123,0.02502084085589477,0.0309872333031791
2025-08-18,-0.0005369002155297,201.69772247026464,-0.007232461045953098,-0.21459550288898221,0.06353649271663836,0.06608011142160038,0.12451096214458461,0.6059536785481966,0.010516216143613772,0.018283707815329123,0.02502084085589477,0.0309872333031791
2025-08-19,-0.0019612805898056,201.3021366421757,-0.009179556750292805,-0.21459550288898221,0.06379585090978056,0.06632935917882139,0.12418277165522741,0.6060007285616323,0.010516216143613772,0.018283707815329123,0.02502084085589477,0.0309872333031791
2025-08-20,0.0002166403403345,201.34574680556793,-0.008964905072256779,-0.21459550288898221,0.06209954265435646,0.06616943653196555,0.12413807293024423,0.605747516775022,0.010516216143613772,0.018283707815329123,0.02502084085589477,0.0309872333031791
2025-08-21,-0.0022221635159463,200.89832363292564,-0.011167147103227526,-0.21459550288898221,0.062365662540411294,0.06113829716384884,0.12401934760085367,0.6055806587978422,0.010516216143613772,0.018283707815329123,0.02502084085589477,0.0309872333031791
2025-08-22,0.0133305705415015,203.57641290778372,0.0,-0.21459550288898221,0.07161582200029779,0.06558864250555704,0.12468309888699323,0.6070933830999066,0.010516216143613772,0.018283707815329123,0.02502084085589477,0.0309872333031791
2025-08-25,-0.0030809652126812,202.94920106149243,-0.003080965212681086,-0.21459550288898221,0.07237715689522704,0.0658534829967504,0.12470857862503874,0.6070951341407421,0.010516216143613772,0.018283707815329123,0.02502084085589477,0.0309872333031791
2025-08-26,0.0032888634262579,203.6166732662519,0.0,-0.21459550288898221,0.07029079764994474,0.0658898370360488,0.12452542829685094,0.6066880289567486,0.010516216143613772,0.018283707815329123,0.02502084085589477,0.0309872333031791
2025-08-27,0.0027692895952638,204.1805468009503,0.0,-0.21459550288898221,0.06993771413518367,0.0658494250433999,0.1240585805996349,0.6054644473224752,0.010516216143613772,0.018283707815329123,0.02502084085589477,0.0309872333031791
2025-08-28,0.0030234573272374,204.79787797125505,0.0,-0.21459550288898221,0.06933550873082477,0.06569554364228625,0.12406154593551057,0.6054813493153296,0.010516216143613772,0.018283707815329123,0.02502084085589477,0.0309872333031791
2025-08-29,-0.0028299193173272,204.2183165002365,-0.002829919317327456,-0.21459550288898221,0.0701078148556381,0.0660839657422829,0.12410461144210157,0.6053557915833264,0.010516216143613772,0.018283707815329123,0.02502084085589477,0.0309872333031791
2025-09-02,-0.0042505851135387,203.35026916420867,-0.007068475617943437,-0.21459550288898221,0.07133444845671019,0.06653315432242274,0.1241057883030956,0.6051902557890504,0.010516216143613772,0.018283707815329123,0.02502084085589477,0.0309872333031791
2025-09-03,0.003758985657306,204.1146599094062,-0.0033360602591044897,-0.21459550288898221,0.07159669927714819,0.06659694816612911,0.12415020032524236,0.6052527896049233,0.010516216143613772,0.018283707815329123,0.02502084085589477,0.0309872333031791
2025-09-04,0.0061945034194774,205.3790488681805,0.0,-0.21459550288898221,0.07332217480392164,0.06747690845537141,0.12422895558648404,0.605858536619931,0.010516216143613772,0.018283707815329123,0.02502084085589477,0.0309872333031791
2025-09-05,0.0025712676821496,205.9071333791259,0.0,-0.21459550288898221,0.07312286684177462,0.06723873049163066,0.12363546609982266,0.6057979506328816,0.009850039174871523,0.018161615905496805,0.02502084085589477,0.0309872333031791
2025-09-08,0.0036289230299764,206.65435451748183,0.0,-0.21459550288898221,0.07347956201388624,0.06734215032341823,0.12367404993519847,0.6060460088492168,0.009850039174871523,0.018161615905496805,0.02502084085589477,0.0309872333031791
2025-09-09,-0.000305348175696,206.5912529873303,-0.00030534817569594086,-0.21459550288898221,0.07316089841306515,0.06713881692111548,0.12367042421303831,0.6060324401295988,0.009850039174871523,0.018161615905496805,0.02502084085589477,0.0309872333031791
2025-09-10,0.0027284253099139,207.15492179078777,0.0,-0.21459550288898221,0.07311829900146158,0.06436580673582476,0.12315772267787126,0.6057386290830044,0.00935082549868704,0.018059042816316824,0.02502084085589477,0.0309872333031791
2025-09-11,0.0074045000318197,208.68880041577924,0.0,-0.21459550288898221,0.07419376393314048,0.06547706341963104,0.12310143021254452,0.605781877849855,0.00935082549868704,0.018059042816316824,0.02502084085589477,0.0309872333031791
2025-09-12,-0.0019427808240264,208.28336381614236,-0.0019427808240265465,-0.21459550288898221,0.07337819931505128,0.06544397963651562,0.1230536489291039,0.6056413551092352,0.00935082549868704,0.018059042816316824,0.02502084085589477,0.0309872333031791
2025-09-15,0.0034382921885488,208.9995028789561,0.0,-0.21459550288898221,0.06894292724310537,0.0656018245681253,0.12296484634404643,0.605717919996439,0.00935082549868704,0.018059042816316824,0.02502084085589477,0.0309872333031791
2025-09-16,-0.0019187424508547,208.5984866605747,-0.0019187424508547712,-0.21459550288898221,0.0643038529281298,0.06565432006323645,0.12289630840647053,0.6057535617518225,0.00935082549868704,0.018059042816316824,0.02502084085589477,0.0309872333031791
2025-09-17,-0.0004826785433584,208.4978006468866,-0.0024004948584019914,-0.21459550288898221,0.06411634042959038,0.06458657209757603,0.12274826350751386,0.6053393810462235,0.00935082549868704,0.018059042816316824,0.02502084085589477,0.0309872333031791
2025-09-18,0.0046123152364311,209.45945822957265,0.0,-0.21459550288898221,0.06482369945940915,0.06404254405040194,0.1228062531418859,0.6054976797735987,0.00935082549868704,0.018059042816316824,0.02502084085589477,0.0309872333031791
2025-09-19,0.0018412840028268,209.8451325792515,0.0,-0.21459550288898221,0.06462965270417349,0.06362219015457538,0.12281083621216314,0.6055103293891912,0.00935082549868704,0.018059042816316824,0.02502084085589477,0.0309872333031791
2025-09-22,0.0032718243868241,210.53170900148064,0.0,-0.21459550288898221,0.06476731318520886,0.06349032915683842,0.12274352924257383,0.6052867006906941,0.00935082549868704,0.018059042816316824,0.02502084085589477,0.0309872333031791
2025-09-23,-0.0008815555106707,210.34611361323948,-0.0008815555106705952,-0.21459550288898221,0.06389664939660546,0.06343854586275083,0.12229081600746448,0.6045794498874517,0.00935082549868704,0.018059042816316824,0.02502084085589477,0.0309872333031791
2025-09-24,-0.0052279849112895,209.2464273051211,-0.006104931663051705,-0.21459550288898221,0.06430941536694895,0.0639977812737505,0.1224105523470232,0.6049038172507049,0.00935082549868704,0.018059042816316824,0.02502084085589477,0.0309872333031791
2025-09-25,-0.0016948632961542,208.89178321563023,-0.007789447934604787,-0.21459550288898221,0.06369848710389812,0.06422547170930108,0.12242960019552955,0.6048057187583218,0.00935082549868704,0.018059042816316824,0.02502084085589477,0.0309872333031791
2025-09-26,0.0039340812910586,209.71358047183472,-0.0038860109649333507,-0.21459550288898221,0.06305978965850685,0.0643263230728797,0.12247117843645854,0.6048581012703285,0.00935082549868704,0.018059042816316824,0.02502084085589477,0.0309872333031791
2025-09-29,0.0044731955925843,210.65167033570643,0.0,-0.21459550288898221,0.06211076235603519,0.06443678198293833,0.12247600519618627,0.6048497797826542,0.00935082549868704,0.018059042816316824,0.02502084085589477,0.0309872333031791
2025-09-30,0.001676680743743,211.0048659349956,0.0,-0.21459550288898221,0.061829743843937295,0.06258153396106138,0.1224594807542411,0.604764021800052,0.00935082549868704,0.018059042816316824,0.02502084085589477,0.0309872333031791
2025-10-01,0.0013435852886161,211.28836896869228,0.0,-0.21459550288898221,0.06095213477520604,0.06242890835917269,0.12244935010423028,0.6046802306893615,0.00935082549868704,0.018059042816316824,0.02502084085589477,0.0309872333031791
2025-10-02,0.0012911507303383,211.56117410059815,0.0,-0.21459550288898221,0.060816210363061375,0.06176902213091933,0.12244977436387705,0.6047976403671274,0.00935082549868704,0.018059042816316824,0.02502084085589477,0.0309872333031791
2025-10-03,0.0011180772165728,211.79771582927148,0.0,-0.21459550288898221,0.0597250142293517,0.06173844910681311,0.12232692380457952,0.6048677290363944,0.00935082549868704,0.018059042816316824,0.02502084085589477,0.0309872333031791
2025-10-06,0.0028145360243131,212.39382813034015,0.0,-0.21459550288898221,0.04881683324529668,0.0609435745878043,0.12234644407007984,0.6049065115911006,0.00935082549868704,0.018059042816316824,0.02502084085589477,0.0309872333031791
2025-10-07,-0.0009525681044961,212.19150854407135,-0.0009525681044961765,-0.21459550288898221,0.04748351798729969,0.06105070817182025,0.12229925341482988,0.6046154361761595,0.00935082549868704,0.018059042816316824,0.02502084085589477,0.0309872333031791
2025-10-08,0.005504792677283,213.3595788064864,0.0,-0.21459550288898221,0.04863345380185154,0.06012369679450913,0.12235151339484382,0.6052245778986859,0.00935082549868704,0.018059042816316824,0.02502084085589477,0.0309872333031791
2025-10-09,-0.0034385948674843,212.62592165387383,-0.0034385948674842126,-0.21459550288898221,0.050585226551919535,0.06061698654843189,0.12218601465670202,0.6049858347183998,0.00935082549868704,0.018059042816316824,0.02502084085589477,0.0309872333031791
2025-10-10,-0.0139427102827434,209.66134002965256,-0.017333361818210546,-0.21459550288898221,0.06697300714657513,0.0675866610346433,0.12297366174481451,0.6035812029442584,0.009850039174871523,0.018396752885128275,0.02502084085589477,0.0309872333031791
2025-10-13,0.0132550363052744,212.44040870355812,-0.0043080798531288655,-0.21459550288898221,0.07514248825022454,0.07218781108971987,0.12361303206318192,0.605314220692378,0.009850039174871523,0.018396752885128275,0.02502084085589477,0.0309872333031791
2025-10-14,0.0024900000019041,212.9693853216345,-0.001828806970067265,-0.21459550288898221,0.07331169684143508,0.0721704065856089,0.12360677312703168,0.6051093622218336,0.009850039174871523,0.018396752885128275,0.02502084085589477,0.0309872333031791
2025-10-15,0.0056851779883512,214.18015418325777,0.0,-0.21459550288898221,0.07402464105876566,0.07268937411816838,0.12355469288176586,0.6049678368231568,0.009850039174871523,0.018396752885128275,0.02502084085589477,0.0309872333031791
2025-10-16,-0.0030576145191864,213.52527383410543,-0.0030576145191865134,-0.21459550288898221,0.07390907842136421,0.07315066485617387,0.1235271905353004,0.6048199668772389,0.009850039174871523,0.018396752885128275,0.02502084085589477,0.0309872333031791
2025-10-17,9.877365266387491e-05,213.5463645053381,-0.0029591428782771434,-0.21459550288898221,0.07388921959564577,0.07294425688660908,0.12352225311578537,0.6052134661469348,0.009850039174871523,0.018396752885128275,0.02502084085589477,0.0309872333031791
2025-10-20,0.0119551605396464,216.09934557565728,0.0,-0.21459550288898221,0.07993585968854174,0.07627641521295912,0.12392637268609644,0.6063010523562244,0.009850039174871523,0.018396752885128275,0.02502084085589477,0.0309872333031791
2025-10-21,-0.0062105305508555,214.75725398793975,-0.006210530550855631,-0.21459550288898221,0.08287491581135123,0.07755789767030945,0.12409201423263674,0.6063866352895407,0.009850039174871523,0.018396752885128275,0.02502084085589477,0.0309872333031791
2025-10-22,-0.004092887811691,213.87827664062033,-0.010277999357750756,-0.21459550288898221,0.08420512417312136,0.07819383700899167,0.12415398319807387,0.6065081177623368,0.009850039174871523,0.018396752885128275,0.02502084085589477,0.0309872333031791
2025-10-23,0.0035293567510049,214.63312938017523,-0.006784917333165774,-0.21459550288898221,0.08240525907160481,0.07779057533593826,0.12402304826461366,0.6061799995334497,0.009850039174871523,0.018396752885128275,0.02502084085589477,0.0309872333031791
2025-10-24,0.0058384647142583,215.88625733257223,-0.0009860661193462628,-0.21459550288898221,0.08311483336148362,0.07773960571667979,0.12413637465940275,0.6063553303209327,0.009850039174871523,0.018396752885128275,0.02502084085589477,0.0309872333031791
2025-10-27,0.0032986425756609,216.59838893250955,0.0,-0.21459550288898221,0.0830832648833048,0.07580023961545777,0.12401688609516877,0.6051828557171205,0.009850039174871523,0.018396752885128275,0.02502084085589477,0.0309872333031791
2025-10-28,-0.0015463924758645,216.26344281357996,-0.001546392475864411,-0.21459550288898221,0.08296856760775362,0.07359611141338399,0.12400948798777707,0.6049624001994457,0.009850039174871523,0.018396752885128275,0.02502084085589477,0.0309872333031791
2025-10-29,-0.0053688199299917,215.10236333167376,-0.006906910103112285,-0.21459550288898221,0.0850214279644114,0.0746865035669564,0.12413356712061,0.6049649957532058,0.009850039174871523,0.018396752885128275,0.02502084085589477,0.0309872333031791
2025-10-30,-0.0022908959933869,214.60958618934916,-0.009181983083817347,-0.21459550288898221,0.08486476340912302,0.07502481832595047,0.12414200489250618,0.60359767273668,0.009850039174871523,0.018396752885128275,0.02502084085589477,0.0309872333031791
2025-10-31,0.0014816963347943,214.92757242661767,-0.007713891659704375,-0.21459550288898221,0.08483369407237047,0.07497074197774518,0.12413531255784768,0.6035339571235294,0.009850039174871523,0.018396752885128275,0.02502084085589477,0.0309872333031791
2025-11-03,-0.0005318206934549,214.81326949600717,-0.008241609945947581,-0.21459550288898221,0.0845911757495601,0.07499287226024462,0.12412417851668868,0.6035119479991575,0.009850039174871523,0.018396752885128275,0.02502084085589477,0.0309872333031791
2025-11-04,-0.0079820417196263,213.09862101696072,-0.01615786679114839,-0.21459550288898221,0.08816172188512707,0.07687659998974386,0.12356891537106376,0.6026469467010296,0.00935082549868704,0.018059608703977464,0.02502084085589477,0.0309872333031791
2025-11-05,0.0028904593863909,213.71457392630617,-0.013314111062487921,-0.21459550288898221,0.08674810770283437,0.07579039604999803,0.12358411268127831,0.6029993100805797,0.00935082549868704,0.018059608703977464,0.02502084085589477,0.0309872333031791
2025-11-06,-0.0067984019370033,212.2616563529597,-0.020021998321054668,-0.21459550288898221,0.08920828931103492,0.07691232620848287,0.1237921837148512,0.6033875603729892,0.00935082549868704,0.018059608703977464,0.02502084085589477,0.0309872333031791
2025-11-07,0.0025911335128215,212.81165464422287,-0.017482744479076384,-0.21459550288898221,0.08884964151646585,0.07657181807544326,0.1235558886073053,0.6030899214175012,0.00935082549868704,0.018059608703977464,0.02502084085589477,0.0309872333031791
2025-11-10,0.0102891300780285,215.00130144097776,-0.007373496633114041,-0.21459550288898221,0.0926259941624027,0.07841161565989695,0.1233500384355395,0.6049885423084866,0.00935082549868704,0.018059608703977464,0.02502084085589477,0.0309872333031791
2025-11-11,0.001785261862082,215.38513506473836,-0.005601398393361268,-0.21459550288898221,0.09263649795366143,0.07835298724734949,0.12322544790616408,0.6047398469861547,0.00935082549868704,0.018059608703977464,0.02502084085589477,0.0309872333031791
2025-11-12,0.002005636475737,215.81711934795575,-0.0036069962865570293,-0.21459550288898221,0.09269622200339113,0.07811090841434484,0.12314949193562907,0.6045073719175005,0.00935082549868704,0.018059608703977464,0.02502084085589477,0.0309872333031791
2025-11-13,-0.013721070812266,212.85587737088315,-0.017278575247355765,-0.21459550288898221,0.10167401835855075,0.0838514581685916,0.12396061724751684,0.6062255078405262,0.009850039174871523,0.018380269582752195,0.02502084085589477,0.0309872333031791
2025-11-14,-0.0022913985592787,212.36813972014153,-0.01953038170420618,-0.21459550288898221,0.10189322161601166,0.08386273172932958,0.1238040068977357,0.6058292737379738,0.009850039174871523,0.018380269582752195,0.02502084085589477,0.0309872333031791
2025-11-17,-0.0086067190413991,210.54034680822565,-0.027969008237506032,-0.21459550288898221,0.10459948193704638,0.08204965756957659,0.1241053523892664,0.6066146129416178,0.009850039174871523,0.018380269582752195,0.02502084085589477,0.0309872333031791
2025-11-18,-0.0021629142988909,210.08496608162068,-0.030071427968554332,-0.21459550288898221,0.10472674561625554,0.08189641909506969,0.12407090326353101,0.6060116363117428,0.009850039174871523,0.018380269582752195,0.02502084085589477,0.0309872333031791
2025-11-19,0.0017731833624352,210.4574852481744,-0.028351566761877445,-0.21459550288898221,0.10347685536600837,0.08174177747305775,0.12381515709863468,0.6059678207820769,0.009850039174871523,0.018380269582752195,0.02502084085589477,0.0309872333031791
2025-11-20,-0.0094991003094831,208.4583284849204,-0.037581352694758596,-0.21459550288898221,0.10645308787980926,0.08415908328627425,0.12414854578574201,0.605941299326762,0.009850039174871523,0.018380269582752195,0.02502084085589477,0.0309872333031791
2025-11-21,0.0080918132069428,210.1451343404519,-0.02979364077388602,-0.21459550288898221,0.1015657986913374,0.08547503380035669,0.1243340816294912,0.6062841164168167,0.009850039174871523,0.018380269582752195,0.02502084085589477,0.0309872333031791
2025-11-24,0.0112394936662318,212.50705924686085,-0.01888901254442632,-0.21459550288898221,0.09944250921675571,0.08799938620867832,0.12480389551981333,0.6070984033204094,0.009850039174871523,0.018380269582752195,0.02502084085589477,0.0309872333031791
2025-11-25,0.0063809949626792,213.86306572144883,-0.012628548275643081,-0.21459550288898221,0.10090777099041394,0.08815311784257515,0.12479918690340161,0.6068439400330689,0.009850039174871523,0.018380269582752195,0.02502084085589477,0.0309872333031791
2025-11-26,0.0059070870995222,215.1263734780363,-0.006796059110725561,-0.21459550288898221,0.10101536426305922,0.08856426352029509,0.12478703859559061,0.606839136678725,0.009850039174871523,0.018380269582752195,0.02502084085589477,0.0309872333031791
2025-11-28,0.004373024770047,216.06712643794617,-0.0024527536755082346,-0.21459550288898221,0.10124989720427018,0.08817623769834007,0.12479574633065528,0.6068225905863293,0.009850039174871523,0.018380269582752195,0.02502084085589477,0.0309872333031791
2025-12-01,-0.005960297381332,214.77930211004613,-0.008398431915531135,-0.21459550288898221,0.10292298892555023,0.08919707241682792,0.1249587800838337,0.6075095605343801,0.009850039174871523,0.018380269582752195,0.02502084085589477,0.0309872333031791
2025-12-02,0.0008142089676559,214.95417734389105,-0.007591061026454904,-0.21459550288898221,0.09675778153971869,0.08899113730717872,0.12495091305483967,0.6075686081994655,0.009850039174871523,0.018380269582752195,0.02502084085589477,0.0309872333031791
2025-12-03,0.0041462049642668,215.84542142108415,-0.003476330157100138,-0.21459550288898221,0.09578026103735958,0.08924957739819193,0.12493424258509314,0.6075944455454549,0.009850039174871523,0.018380269582752195,0.02502084085589477,0.0309872333031791
2025-12-04,0.0006215157315708,215.97957274608495,-0.0028569750194098464,-0.21459550288898221,0.09492082334129229,0.08915410385931445,0.12492978135505334,0.6076501497165668,0.009850039174871523,0.018380269582752195,0.02502084085589477,0.0309872333031791
2025-12-05,-0.0504819492688127,205.07650291161724,-0.05319469862023052,-0.21459550288898221,0.17471086480142056,0.1367923724695742,0.13488751960010814,0.6059077778316964,0.011133815271062206,0.021477825422000257,0.029093330284000223,0.039283512391348835
2025-12-08,-0.0015478052799141,204.7590844176243,-0.054660168864756775,-0.21459550288898221,0.17333678818923967,0.13677393574444183,0.13481058409472288,0.6056562988700707,0.011133815271062206,0.021477825422000257,0.029093330284000223,0.039283512391348835
2025-12-09,0.000366271330485,204.8340817999029,-0.05431391798704621,-0.21459550288898221,0.17280902228487904,0.13656511822977094,0.13476839632937496,0.605502759081286,0.011133815271062206,0.021477825422000257,0.029093330284000223,0.039283512391348835
2025-12-10,0.0050201533916805,205.86238031038243,-0.04956642879496387,-0.21459550288898221,0.17393742574675478,0.13695329936851425,0.1348355085220129,0.605629549435736,0.011133815271062206,0.021477825422000257,0.029093330284000223,0.039283512391348835
2025-12-11,0.0034220218290223,206.56684586957908,-0.046314024367264395,-0.21459550288898221,0.17414033286002922,0.13715041558847263,0.13481584073602443,0.6056612375193948,0.011133815271062206,0.021477825422000257,0.029093330284000223,0.039283512391348835
2025-12-12,-0.0079193546963677,204.93096974862792,-0.053866601877251785,-0.21459550288898221,0.17518262246046815,0.1377079336717891,0.1350244589222368,0.6059432254858337,0.011133815271062206,0.021477825422000257,0.029093330284000223,0.039283512391348835
2025-12-15,-0.0018195665961581,204.55808420155503,-0.055588154603985473,-0.21459550288898221,0.17495930452102623,0.1376661592222048,0.1349736668828707,0.6060059040190136,0.011133815271062206,0.021477825422000257,0.029093330284000223,0.039283512391348835
2025-12-16,-0.0013370573997071,204.28457830140343,-0.05685088745024325,-0.21459550288898221,0.17493267445299007,0.1374667829612039,0.1348211620241042,0.6055078067214006,0.011133815271062206,0.021477825422000257,0.029093330284000223,0.039283512391348835
2025-12-17,-0.0049159071573073,203.28033428080408,-0.06148732092303455,-0.21459550288898221,0.17418684543239726,0.1377673942362364,0.13489139650255957,0.6049193739832928,0.011133815271062206,0.021477825422000257,0.029093330284000223,0.039283512391348835
2025-12-18,0.0042792598008763,204.15022364360055,-0.05747118134284812,-0.21459550288898221,0.17453797677959085,0.13776089916980083,0.1349165616523863,0.6048014132778471,0.011133815271062206,0.021477825422000257,0.029093330284000223,0.039283512391348835
2025-12-19,0.0042059720639989,205.0088737811047,-0.05350693146206198,-0.21459550288898221,0.17453006010141514,0.13804956522282985,0.13490274881629738,0.6046981601328572,0.011133815271062206,0.021477825422000257,0.029093330284000223,0.039283512391348835
2025-12-22,0.0012352024873296,205.26210125192375,-0.052337820869563845,-0.21459550288898221,0.17432510506846205,0.13780871190753646,0.13259708207030604,0.599205268161052,0.009850039174871523,0.020381110933175788,0.029093330284000223,0.039283512391348835
2025-12-23,0.0021198512739841,205.69722637876336,-0.05032891799182726,-0.21459550288898221,0.17125029034312084,0.13754326110883594,0.1325470541158124,0.5990541035640619,0.009850039174871523,0.020381110933175788,0.029093330284000223,0.039283512391348835
2025-12-24,0.0028225914329934,206.2778256077306,-0.04764838453158937,-0.21459550288898221,0.1714450668646383,0.1376357155152143,0.1322776218156603,0.5985101985421146,0.009850039174871523,0.020381110933175788,0.029093330284000223,0.039283512391348835
2025-12-26,0.0004969526487272,206.38033591954007,-0.04717511087376258,-0.21459550288898221,0.17124171698948476,0.13760241859207833,0.13219358402266773,0.5995990731404626,0.009850039174871523,0.020381110933175788,0.029093330284000223,0.039283512391348835
